Date,A,AAPL,ABT,ADP,ADSK,AIG,ALL,AMP,AMZN,BA,BEN,BK,BMY,CAH,CAT,CI,CINF,CL,CMA,CMCSA,CMI,CNP,COF,COST,CPB,CSCO,CSX,CTAS,CVS,D,DE,DHR,DIS,DRI,DTE,DUK,DVN,EA,EBAY,ECL,ED,EIX,EL,EMN,EMR,FCX,FISV,FITB,GD,GILD,GOOGL,GPS,GWW,HAL,HAS,HD,HOG,HPQ,HSY,HUM,IP,IPG,JCI,K,KIM,KLAC,KO,KR,LEG,LH,LNC,MAR,MCD,MCO,MMM,MO,MS,MSFT,MU,NEE,NKE,NTRS,NUE,NVDA,NWL,OMC,OXY,PCAR,PEG,PEP,PFG,PG,PGR,PH,PHM,PNC,PPG,PPL,PRU,SEE,SPG,STT,SYK,TAP,TGT,TSN,TXN,UNH,UPS,VNO,VRSN,VZ,WHR,WMT,WY,XEL,XRX,ZION
2009-09-30,0.084927536,0.114804027,0.065918674,0.054065126,0.090279157,0.012920807,0.049556879,0.013022279,0.181105882,0.079741022,0.060517334,0.002368906,0.064074661,0.413729294,0.091367174,0.128859455,0.03936626,0.149940104,0.006012519,0.058594085,0.157033324,0.043473241,0.009331855,0.535187225,0.089588101,0.086953466,0.049413584,0.134558726,0.150695325,0.025615725,0.074357405,0.046361108,0.051947583,0.118550337,0.044829834,0.0265109,0.067944977,0.103936562,0.079058459,0.10275922,0.034295674,0.032797608,0.145486359,0.080281341,0.138752012,0.035976846,0.021357752,0.00202538,0.109391654,0.037525784,0.090416432,0.148579363,0.268490375,0.109093285,0.160957969,0.329917324,0.064251723,0.235978725,0.145300889,0.290095956,0.0873316,0.081377832,0.081419822,0.103405909,0.016547436,0.095344182,0.069195841,0.747694661,0.137809296,0.088223759,0.006880269,0.114279381,0.076831132,0.085457596,0.112502938,0.04021696,0.006760994,0.078387195,0.055546464,0.028243246,0.229094442,0.005468583,0.155069999,0.123719165,0.07133265,0.08273617,0.019032549,0.125593765,0.028890313,0.124528692,0.008761708,0.093772467,0.096024485,0.093859833,0.145329301,0.007195854,0.116059566,0.027020355,0.00932843,0.113320062,0.028968147,0.007125745,0.076015604,0.05382657,0.232882644,0.170000302,0.14439751,0.183896632,0.188318757,0.021996998,0.122522565,0.066850373,0.148022384,0.273691782,0.052578422,0.035230892,0.082571623,0.005557056
2009-12-31,0.080254274,0.1030088189999999,0.06572010025,0.04909444625,0.0869847954999999,0.0130455462499999,0.050388485,0.0127744632499999,0.1746767612499999,-0.1989922045,0.0597923772499999,0.00238179175,0.0683975244999999,0.4471601997499999,0.0988580585,0.129915818,0.0459131839999999,0.1644335472499999,0.006155928,0.0584739192499999,0.1669368144999999,0.04369685125,0.009731209,0.4393199825,0.05006283025,0.0816889767499999,0.05122390025,0.1354922832499999,0.1496527125,0.0213709027499999,0.0829213084999999,0.05299837325,0.0523800217499999,0.18472727025,0.04244813025,0.02298413675,0.0652549092499999,0.12714836225,0.0744849604999999,0.100014259,0.0281055902499999,0.0283855544999999,0.1431764699999999,0.0805326262499999,0.1277123495,0.0407020927499999,0.0384669837499999,0.0018303815,0.1081686274999999,0.0542616072499999,0.0939150905,0.14543228575,0.2644481944999999,0.1110484329999999,0.1145136969999999,0.2928112734999999,0.079896597,0.24162853425,0.1364105974999999,0.2954124817499999,0.0868931672499999,0.0813745057499999,0.11302311575,0.1011166224999999,0.0172438034999999,0.0852895635,0.0726264189999999,0.18692366525,0.13186835775,0.086979944,0.0071590154999999,0.1119818482499999,0.07487523175,0.0809438747499999,0.1176007014999999,0.06623804575,0.006922412,0.0809774715,0.0594815864999999,0.0281018147499999,0.2339348662499999,0.0068544637499999,0.1687390039999999,0.1104221772499999,0.06466597425,0.0819383904999999,0.04709954925,0.1314363535,0.0272285199999999,0.1234487782499999,0.0082915007499999,0.06206230125,0.10021359275,0.11083497075,0.1377395237499999,0.0071712765,0.118739202,0.02579182725,0.0092396689999999,0.1141778062499999,0.030334245,0.0071532175,0.0777710712499999,0.0627229822499999,0.2282950102499999,0.1712799655,0.1433747454999999,0.189263632,0.18726335175,0.0657004804999999,0.12067974675,0.06441744425,0.13621864025,0.2823585285,0.0532232945,0.03053555525,0.1370899059999999,0.00544621125
2010-03-31,0.0938315895384615,0.1021164856153846,0.0622402736153846,0.0481525676923076,0.0779695498461538,0.0128615133846153,0.0522072029230769,0.0124356476923076,0.1766989281538461,0.0109516847692307,0.0621877326153846,0.0025199716923076,0.0968665394615384,0.4389126878461538,0.0978977699230769,0.128142991076923,0.0564328492307692,0.1700009526153846,0.0065118011538461,0.059083633076923,0.1676509586153846,0.0512237594615384,0.0096753709230769,0.4286446729999999,0.060810241,0.0820712879230769,0.0506632769230769,0.129497111,0.1453830366923077,0.0175704943846153,0.0675077717692307,0.0511650038461538,0.0611550641538461,0.2069031523846153,0.0502567779230769,0.0232487611538461,0.0427506776923076,0.0950435973846153,0.0719216431538461,0.0936591049230769,0.033402783076923,0.0269975727692307,0.1591355282307692,0.0795554026153846,0.1229144969230769,0.0447540763846153,0.0630356948461538,0.0024315873846153,0.1062531045384615,0.0566674296153846,0.08955842,0.255433908076923,0.2570357083076923,0.1096995206153846,0.0884923085384615,0.3169290868461538,0.0740605802307692,0.2349090544615384,0.1442165193846153,0.2944808628461538,0.0881827687692307,0.0757902863076923,0.079708025,0.1024244356923076,0.0181629329999999,0.0748466824615384,0.0603444852307692,0.3149645133846153,0.1255655783076923,0.0874809262307692,0.0068471755384615,0.1098107891538461,0.0698513135384615,0.0800032613846153,0.1136051373076923,0.0598158155384615,0.0071545469230769,0.0766917708461538,0.0726375452307692,0.0237432603076923,0.2337530051538461,0.0042935921538461,0.1782043213076923,0.0985111201538461,0.0497386322307692,0.076454148076923,0.0506441083846153,0.1346208923846153,0.0362179865384615,0.1035629312307692,0.0081204912307692,0.0737390859230769,0.1043764259230769,0.1257692759999999,0.115748874076923,0.0071031752307692,0.1149682483846153,0.0277030733076923,0.0093733723076923,0.113709563076923,0.0317953818461538,0.0074160683846153,0.0763524433076923,0.0535565803846153,0.2695618308461538,0.168473149,0.1395889145384615,0.1951851646923076,0.1791034617692307,0.0345164445384615,0.1216900689230769,0.0651217307692307,0.1338940619230769,0.2754456094615384,0.0437341095384615,0.0343967613846153,0.0968915472307692,0.0055827756923076
2010-06-30,0.089333517425,0.1273570396499999,0.062528008825,0.0509952305,0.08257494265,0.01236943475,0.044665137725,0.0132578033,0.2139054052749999,0.0949088106499999,0.06103345115,0.00246150745,0.100291649125,0.4597775117,0.0979763872249999,0.154589975,0.0223103591,0.1778337730249999,0.0065103450749999,0.0599099234749999,0.1732011510999999,0.0560845758999999,0.0095595119499999,0.4153548464,0.08363419285,0.12002241035,0.053552063675,0.1314754766,0.1408601427,0.023045870025,0.071046208325,0.05974212095,0.08096856585,0.194295622275,0.052987098975,0.0228277500499999,0.097673869325,0.08999072735,0.077166878375,0.1003047101499999,0.0313863197499999,0.01817053515,0.17360883825,0.076707334875,0.116140368425,0.0478745585999999,0.075537879575,0.002192770775,0.1184241392,0.049148363225,0.099021260525,0.2628535951,0.254330396525,0.1213847746,0.1184049628749999,0.3208014553,0.060344550375,0.237491564325,0.148724432375,0.288580498275,0.0916541730999999,0.09338804505,0.066806318,0.0946567546,0.017328630975,0.113979247575,0.0517656299499999,0.350031003425,0.150571157625,0.0898495321249999,0.0078060525,0.1179128268749999,0.09036687235,0.072426707425,0.1228408475499999,0.06411014965,0.00631062755,0.0782384538,0.1084154766,0.023289427225,0.2280880621499999,0.002497676925,0.1886681832499999,0.1023751642999999,0.0647181618749999,0.086349456325,0.0585410154749999,0.13457947885,0.031629480625,0.1483109376,0.008203749625,0.0802629542249999,0.0940658165,0.1242988802999999,0.145002823225,0.007332432075,0.11961647565,0.02731106145,0.002845107575,0.13456609845,0.034238985225,0.0071355475749999,0.097498079675,0.05215819545,0.23394899565,0.1668954154749999,0.1429709955999999,0.19969586185,0.195196539225,0.024113048525,0.1258671188249999,0.06732359375,0.1507606238,0.308799788475,0.044404466525,0.0338859083,0.092073657625,0.0057075375
2010-09-30,0.087221136214876,0.1125946171735537,0.0590721861157024,0.0511066332809917,0.0838038829173553,0.0108693383471074,0.047903130983471,0.0131867366446281,0.2092111987024793,0.1116786519090909,0.0674084114545454,0.002729526107438,0.1084825370661157,0.4515265165206611,0.0975986164628099,0.1004456749504132,0.0441220383636363,0.1750887579834711,0.0064386586859504,0.0615463915950413,0.1741903290578512,0.0542279776446281,0.0187202819586776,0.5099241435289257,0.093915208322314,0.0509440182314049,0.054233405768595,0.1312142545454545,0.1704128422809917,0.0258391737520661,0.0776009778016529,0.0584450097438016,0.0832135586033057,0.1998703466776859,0.054352408214876,0.0255718573057851,0.1171778457190082,0.0907891494710743,0.0732001909752066,0.1032877813966942,0.0357978235867768,0.035889109661157,0.1647720446776859,0.0858888496363636,0.1287604861157024,0.0642741930743801,0.0760124086528925,-0.0020414384710743,0.1100276435867768,0.0562898425454545,0.0975981243140495,0.270002674446281,0.2497227412975206,0.1260047906115702,0.1508202324628099,0.3519790620082644,0.0655013682644628,0.2410891985206611,0.1492558081900826,0.2762080627190083,0.0942942716363636,0.0917675355867768,0.0847851228512396,0.1024133644049587,0.0172747740247933,0.1259772222396694,0.0561211606446281,0.7309657237355373,0.1612012303636363,0.0929846604710743,0.0078173566859504,0.1166708760495867,0.0987415678842975,0.0791124163471074,0.1276647660330578,0.0880548658099173,0.0067205829090909,0.075115811553719,0.1343409025289256,0.0261143040826446,0.2397565967107438,0.0018340192066115,0.2006085979256198,0.1419494284876033,-0.0538710635454545,0.0882786906776859,0.0721011535289256,0.1285167688595041,0.0312932980743801,0.1353198860826446,0.0089266025785123,0.0827394052314049,0.1003566717933884,0.1247409814462809,0.1457641146280991,0.0074937451983471,0.1235306475867768,0.0270463116446281,0.0081900722644628,0.1292307151735537,0.0324835423636363,0.0076740204628099,0.0903095407603305,0.0607796122314049,0.2290278536033057,0.1763205624380165,0.1523456968842975,0.198369094,0.2003935747190083,0.0268115464380165,0.1203671191983471,0.0695592970082644,0.1468873338016529,0.2891033086859504,0.056261118983471,0.0376219668264462,0.0836538123057851,0.0057941134462809
2010-12-31,0.0826117124642857,0.0993543054313186,0.0611074405494505,0.047833788260989,0.07769579425,0.0120568851236263,0.0476485671318681,0.0129526464368131,0.207492600760989,0.1151319216318681,0.0645529655494505,0.002816866510989,0.0982057132032967,0.435694834521978,0.0988662016208791,0.0983792717445055,0.041894855,0.1775494307362637,0.0063783822115384,0.0640068756813186,0.1757323128901098,0.0498986524972527,0.0042733311620879,0.4485674836620879,0.0843582410796703,0.0680140944862637,0.0539981091565934,0.132638377043956,0.1671982505027472,0.023711003282967,0.0827787651895604,0.0587058744203296,0.0889686533736263,0.2073264754450549,0.0510578961840659,0.023119770804945,0.0413787991620879,0.0880580988598901,0.0700018129752747,0.1019391224532967,0.0315201960604395,0.0314634657115384,0.147231722760989,0.089417565032967,0.1270035953708791,0.0757867839972527,0.0798543857527472,0.0031315371648351,0.1071673769807692,0.0568381409725274,0.0889958700302197,0.2634482838818681,0.2580995679450549,0.128142053978022,0.1131068404395604,0.3127065655989011,0.0836690948571428,0.2308521275521978,0.138789820760989,0.2325794904230769,0.0929556062417582,0.0990482711538461,0.0879281383571428,0.1078096037170329,0.019304489587912,0.1261524103928571,0.0605430238708791,0.2429858587142857,0.1623613868901098,0.0936069477747252,0.0075189508928571,0.1221612580714285,0.102730140587912,0.0854658594010989,0.1354381357362637,0.0925163679670329,0.0072061810851648,0.0752071678351648,0.1373482528186813,0.0256832667554945,0.2415293913873626,0.0007653070714285,0.2033247271373626,0.1566364209285714,-0.0061886218351648,0.0929402967472527,0.0613181903983516,0.1352621438681318,0.0278530322005494,0.1209146871428571,0.0078549862115384,0.0793995236208791,0.1004995913131868,0.132337251271978,0.1468623306785714,0.0074710352472527,0.130543812782967,0.0274064672554945,0.0087692479010989,0.1301707198351648,0.0317430116373626,0.0076054073681318,0.088422334826923,0.0724241774175824,0.2261755879615384,0.1820674807692307,0.1483277086510989,0.1933343262637362,0.2064179714917582,0.0201668553434065,0.1152367662115384,0.0691696758763736,0.1272959970054945,0.3020955235302198,0.0627564101923077,0.034560265076923,0.0840692833543956,0.0056177238543956
2011-03-31,0.0616734441866422,0.1011085566038426,0.0570721397191216,0.0487454275983531,0.0665865350704483,0.0124669618810612,0.0474980955745654,0.0130169148655077,0.2081065683220494,0.1142883488225068,0.0603512339524245,0.0028037041518755,0.1000314612195791,0.42052058778957,0.0950108750356815,0.097874713873742,0.0324826166120768,0.1767522657438243,0.0059415076440988,0.0665825822955169,0.1654126496578225,0.0660229729688929,0.007915350357731,0.4397285142918573,0.0677474998087831,0.0669777229505947,0.049791386872827,0.1352008353586459,0.1709022831601098,0.025007448557182,0.0595169980146386,0.056771952526075,0.0891637076459286,0.2124860109990851,0.0575451023193046,0.0239596843165599,0.0548801998673376,0.1143678363449222,0.0638795669441903,0.0953808694071363,0.0363576145837145,0.02833929605215,0.1467385667593778,0.0888100172113449,0.1220222547520585,0.0758486729643183,0.0877016814062214,0.0050494340082342,0.1103632176166514,0.0527256425617566,0.094981611641354,0.2957417380576395,0.2553261778563586,0.119271697378774,0.0802501525123513,0.2963275632772186,0.0835732284510521,0.2334119203092406,0.1518297600649588,0.2246945454373284,0.0931853264528819,0.0916996148975297,0.0821107447978042,0.11267607642086,0.0195709643741994,0.1211321893147301,0.0523163516660567,0.366782820073193,0.1540245689752973,0.0910386309021043,0.0072524617795059,0.1142886763064958,0.0986319749871912,0.0839424012031107,0.12187347884172,0.0915990552168344,0.0077391627328453,0.071562186620311,0.1318945325736505,0.0378788146340347,0.1996670776962488,0.0022238085864592,0.1902283967831655,0.1816884005946935,0.0285351667493138,0.0861760226358645,0.0552509872534309,0.1268536932140896,0.0355868596724611,0.0968963047053979,0.0069294562076852,0.0768315823559011,0.0992136284345837,0.12859793463129,0.1224630056989936,0.0071935848856358,0.1216949328005489,0.0294094382717291,0.0089978404903934,0.1048996494812442,0.0322942085791399,0.0074361183824336,0.0849552896450137,0.0529508109935956,0.2794128892698994,0.1803945879972552,0.1475934498124428,0.1887690853101555,0.207180454473925,0.0156104830585544,0.0881420123989021,0.0688217468691674,0.1244570215544373,0.303737413926807,0.0606904800896614,0.0365601988234217,0.0786749298975297,0.0057484283824336
2011-06-30,0.0745988701012195,0.1224963433710366,0.048579036089939,0.0439564932902439,0.0530099210664634,0.0081519109451219,0.0487208722286585,0.0119222681137195,0.227547129822561,0.1409886438207317,0.0391499785780487,0.0027511540411585,0.0643459020304878,0.4217182091329269,0.0818965441807926,0.0902887584051829,0.0421586536515243,0.1697557368664634,0.0050404345435975,0.0879908017158536,0.1510689736832317,0.0796862588234756,0.0070518565091463,0.4212529567972561,0.121159098707317,0.0302005648972561,0.0819181602518292,0.1283442934076219,0.2380332568737805,0.0280181097246951,0.0630501558472561,0.061386126114939,0.0971640145884146,0.1940769551689024,0.0543042561503048,0.0237016294405487,0.058559384054878,0.075685180267378,0.0214406792914634,0.1022036983759146,0.0361330826390243,0.0264044231121951,0.1511826536021341,0.0890445901564024,0.1113072924545732,0.0796326537265244,0.0960378983731707,0.0051174543701219,0.1215637430091463,0.0274552132414634,0.0811663595512195,0.2702887539158537,0.2449623143356707,0.1077376684914634,0.1269977625780488,0.3000883496289634,0.0692099669625,0.2334288873557927,0.1779019525021341,0.2389178149966463,0.0901219619125,0.100347510375,0.0787089704484756,0.1117073724945122,0.0178611001810975,0.0922478040018292,0.0354878556268292,0.3756381137109756,0.1471686480411585,0.1008269395268292,0.0077222535301829,0.1226696314920731,0.0924250869679878,0.0741732560957317,0.1153244887777439,0.1159262915939024,0.0065490935256097,0.0532988499192073,0.1289401498966463,0.0336320949442073,0.1957174265762195,0.0025129596,0.1786388464972561,0.1800655628521341,0.0637992617213414,0.0879673138996951,0.0500553478536585,0.1235063415487805,0.0356785131935975,0.1108934536216463,0.0076648448207317,0.0779621731051829,0.0993577201067073,0.1144118513606707,0.139618359979878,0.0079577941060975,0.1177603305713414,0.0259071469527439,0.0047636261356707,0.110360825529878,0.0314192254984756,0.0069748084832317,0.0767020886301829,0.052796548152439,0.2335371095634147,0.2010935848530488,0.1265478949292683,0.196388883147561,0.2154026893564024,0.0144704552612804,0.0745233917734756,0.0911602456963414,0.1318817214929878,0.3268843906070122,0.058880972232317,0.0353105564759146,0.0796763605996951,0.0051343291957317
2011-09-30,0.076877865152017,0.0970434473159232,0.0504824087313281,0.0471835737160857,0.0494215573810588,0.0093512592482471,0.0465309428162788,0.0119840271755919,0.2030857205058429,0.1428204383383802,0.051872357223148,0.0026636755693527,0.0812840885591911,0.4009118479716492,0.0802179754468041,0.0895608244855197,0.0374254980812925,0.1761159014186566,0.0052441285299258,0.071842259474342,0.1566631154395895,0.060700117011889,0.008629026298242,0.5367790209312062,0.1452158871139112,0.0471751273628696,0.0573088324672289,0.1317492614595061,0.2497433852274159,0.0263351237370185,0.0662476403981302,0.0575404026553195,0.0829358833321816,0.1958369151381973,0.0535302040575144,0.0260827047846763,0.0604502580846458,0.0646539036422111,0.0448204135773803,0.1004719301423635,0.036872133760695,0.0345644402758866,0.1514978778824306,0.0876777992786302,0.1211466967117163,0.0675326998341632,0.0853506524893811,0.0063521721868712,0.1201835862171527,0.0567339785958744,0.0877373110226602,0.268206512849812,0.2417670284412153,0.1109935022439792,0.1660024738373132,0.3232730831161468,0.0633604864697693,0.2255421404303424,0.1952419664646885,0.2190261317300071,0.0922259161961182,0.0917388920952139,0.0841285628266436,0.1133179646580632,0.0177997182751752,0.1040029138887308,0.050589742464282,0.7130076227171018,0.1586033862919418,0.0902390432547505,0.0073057746840768,0.1241682719695153,0.1090073401217355,0.080121735579311,0.129265297859059,0.1035191841849405,0.0064695017981912,0.0594023147278731,0.1232189866336754,0.0306875120477593,0.2064838218482877,0.0024931541937811,0.1691156310029468,0.1777904740308912,0.0597518142754801,0.0891086039501067,0.0423344110203231,0.115242434666294,0.0334200449891271,0.1150652024873488,0.0098661574451783,0.0789133413594146,0.0931868385223046,0.1154789620017274,0.1236788748502184,0.0073177448508281,0.1222321927179148,0.0266281302806625,0.0091187666426176,0.145391161568743,0.0310689440366832,0.0073125373194797,0.0789380451417538,0.0519690500095518,0.2303995591170613,0.1921999871094401,0.1485298604426379,0.1908068534526979,0.2107728378979778,0.0091692044223148,0.0715255449514277,0.0766358439827253,0.1350443318415811,0.3078138026494258,0.055891012838431,0.0393124788106899,0.0796003483380754,0.0051432048495071
2011-12-31,0.0782706893049383,0.0846160813134399,0.0492467633180124,0.0455888675655399,0.0438661943797927,0.0122094628200108,0.0460760099010974,0.0118888227795691,0.2125710954709389,0.1383111950816962,0.0559052747055277,0.0025798517702208,0.0875575517613805,0.4099138611070993,0.0782528992035293,0.0905293832311339,0.0357981131338571,0.1739675854242988,0.0050231944351036,0.0670693603286478,0.1650133078911055,0.054677967018324,0.0090649121478458,0.4554631838862282,0.133917227694181,0.0531031128452445,0.051106036444181,0.1186977701250169,0.2517896650630673,0.0232253825819333,0.07346238164832,0.0561845305899607,0.0873170379726324,0.1899351950999187,0.0488624943044303,0.0241036214122747,0.0661211920659802,0.1161510433226527,0.0435032275524657,0.0976751133497832,0.0313541424725647,0.0320131622191776,0.1404887328533058,0.085832433174773,0.1168691197960981,0.058315979192081,0.0837590872098292,0.0052033752739804,0.1231553777332678,0.0754084424523099,0.0843605464884162,0.2505587107495258,0.2348732714006909,0.1026113807960303,0.1259138043739669,0.2998556124617938,0.0854505702540983,0.2187684154298198,0.1807193748801991,0.2195997349573567,0.0883227619651131,0.0870836931955358,0.0822195179457051,0.112206709400149,0.0186395983151673,0.1066592249477713,0.0573588307898658,0.23766115753824,0.1622588880035564,0.0911768282997222,0.0073287926178363,0.1280553191506571,0.1120285218712234,0.0936515663219753,0.1352933820391545,0.1004625249635212,0.0066193591372442,0.0610447260570044,0.1133466530223885,0.0288820267732014,0.2076272779806259,0.0024482806379894,0.1701084384809308,0.159029180952818,0.0619163260813575,0.0916488816698618,0.0424331333453122,0.1105257216774827,0.0295816966602763,0.1155334194250779,0.0081297524088876,0.0769497305325497,0.0944159663228221,0.1200417299381181,0.1132945750910445,0.0070578525489771,0.1236798254217585,0.0256995023671589,0.0087546420477238,0.0990776461994648,0.0291246070847107,0.0072359084754437,0.0795877880507045,0.0551136712576209,0.2263510771442894,0.1863747037181276,0.145811160772795,0.1899313476574651,0.2140330511779908,0.0136104493536444,0.0823755820634737,0.0715439250954816,0.1363408079031296,0.3113931808335591,0.0507875271848326,0.0359749117482387,0.082882858368954,0.0051880037085083
2012-03-31,0.0783852844152055,0.0919013508967066,0.0481750483894753,0.0455890071893014,0.0414081682509681,0.0132781769729262,0.0459849527863457,0.0118054097889876,0.2208651066435821,0.1294695404491662,0.0577845941773226,0.0025526091029546,0.094998403257618,0.4507366214813769,0.0691280008908583,0.0905337424349858,0.0396235013057139,0.1739917659445994,0.0047347631834983,0.0644233798395786,0.1612898609447348,0.0627140497033633,0.0090313131929481,0.4351121804133991,0.1354098983242297,0.0559569750585505,0.0471932533936188,0.1487588097371208,0.2474707439739198,0.026116963850372,0.0589417979136531,0.0534413127111083,0.0861964543318166,0.2089234748893681,0.0539869890293994,0.0240539675237939,0.0744880859200207,0.129111835604936,0.0581967407961342,0.0917773291567633,0.0353730068441285,0.0288710103355198,0.1387183109570185,0.0832177996319081,0.1135449211668341,0.0519645058764409,0.0843347156527158,0.0046778694581644,0.1233939899247287,0.0783241506100278,0.0863448953645129,0.2871553441722421,0.2348467889840696,0.0910920819052307,0.1078549155150328,0.2857653806141601,0.0832175054789834,0.2233330195772639,0.1853226536123762,0.2295761033026769,0.0866964494744561,0.0796181322552019,0.0752424572628566,0.1133729437168098,0.0171872072395989,0.1086355701391169,0.0567653929133144,0.335962026757364,0.1658991072169961,0.0913663091695324,0.0073469443084122,0.1252486572065302,0.1088521173595113,0.1122097082019125,0.1352896319918824,0.0875137845584884,0.0068817411935691,0.0601837458254095,0.0948778740839985,0.0299295975046345,0.2070373546634076,0.0025435520838065,0.1652997016815169,0.1395841832166913,0.0596844587614961,0.0879486610020999,0.0382740296368419,0.1041115250174996,0.0326016072675759,0.0982208687451706,0.0075200453611484,0.0768166647596897,0.0960693654410938,0.1130478898322739,0.0955673402929222,0.0068079154387567,0.1217639256586093,0.0286686508833165,0.0092051745591771,0.0774480459667618,0.0293498756332178,0.0068742047833199,0.0817517735659964,0.0482712064599595,0.2669763290454992,0.2011318885441161,0.1403757095743172,0.1870008020094724,0.2144136592078737,0.0138254276647736,0.0857645531519989,0.0687875901389023,0.129960931286453,0.3050497898025583,0.0493835998030664,0.0377126330589005,0.0798601563930769,0.0048761488090727
2012-06-30,0.0790323726893459,0.1275130246418824,0.0548626507137287,0.0443484373954162,0.0350194420621405,0.0110952102166716,0.0463813216746199,0.0122123873621293,0.2514352417376298,0.1354447860598675,0.0604082149959129,0.0025511776982914,0.0923557981133448,0.468854409252273,0.0605372961320261,0.0891177141471549,0.0362955675064767,0.1769722122564353,0.004401022433174,0.0645418655028112,0.1621504712676351,0.0542242572594121,0.008834362027051,0.4063972427722452,0.1451806844935345,0.055426504021342,0.0486276818303364,0.1632631318714812,0.2507342747988823,0.0251977628871518,0.0587684323116664,0.0570474290225801,0.0915688582197313,0.1982858862799563,0.0492576827774424,0.0195399386806563,0.0721801082971398,0.0926118525204877,0.1358497663832455,0.0982112844922098,0.0319132631045913,0.0306035573719328,0.1543379323767462,0.0774254816447011,0.1051025985032252,0.0590272612486339,0.0844255067217446,0.0045883776509935,0.1326986388165813,0.0871151400784735,0.0912643523783305,0.2623226226636008,0.226463931220864,0.078166472313262,0.15528217841444,0.2834339311510199,0.0667600648587498,0.2316402501572745,0.1877077963588589,0.2402913352634916,0.0848692237199044,0.0954770292597132,0.0757421846946108,0.1049385180347433,0.0168682478130212,0.1091758797297267,0.0569608340055283,0.3580315211134352,0.1653608027260838,0.0915864354707172,0.0068407291502709,0.1204570827193173,0.1138833619203447,0.0695332530973581,0.1310383093310138,0.1491168041031123,0.006665147990298,0.0635291922368508,0.0813217698531311,0.0272519454630701,0.2017748169854094,0.0024369591606954,0.1465865373483855,0.1422839174855901,0.0622689164502784,0.0953932283423001,0.0301248245447802,0.1002079716606089,0.0274381933733177,0.1267926033444829,0.0081083782274348,0.0960444131002973,0.0969676555039891,0.1204251444923641,0.1224498453484833,0.0067464416972452,0.1217810332517274,0.0295396892667845,0.0032325036144249,0.1122136120731333,0.0292922691026757,0.0065806823754591,0.0870662771888416,0.0779459639916114,0.2362085891202356,0.2134398766743564,0.1399897197984645,0.1959248014619035,0.2092724333951678,0.023831472049729,0.0845331974003198,0.0732131483737693,0.144888413184175,0.3274983021750225,0.0536522212998532,0.0370483204362787,0.0615395976576622,0.0048167594912727
2012-09-30,0.0766846107572058,0.1003930732036364,0.0602569856213738,0.046678065259674,0.035610859724999,0.0123244101765427,0.0453765052612935,0.0115556687087991,0.2388065439915023,0.1432445755788492,0.0632842168025392,0.0024194331501302,0.0913104627154539,0.4696797542684351,0.0613778459045562,0.0864080083494551,0.0378786914951346,0.179643515760988,0.0041561946574957,0.0656451578596168,0.152623089780062,0.0504591027248698,0.0090132794545719,0.5107736357249477,0.1518060963201385,0.057207385790795,0.046629340690035,0.1689855755464229,0.24697712924305,0.0267041159072069,0.0606162832629079,0.0312643155023677,0.084536182995504,0.2052619471355485,0.0533707835056556,0.0270680936154026,0.0890285320001405,0.0724647235367033,0.0880432814756366,0.1009352378726029,0.0382182809895316,0.0372650866355918,0.1640903995759113,0.0800190101749608,0.0379929640748694,0.0526387124091507,0.0832765588532655,0.0048376900400395,0.1300865166338042,0.0928091622642603,0.0877567492593855,0.2587389633067711,0.2330592292103602,0.0738845540853591,0.1821003002924892,0.3122931391515704,0.0675871868050418,0.226633153578513,0.1897833747548086,0.2401007316349457,0.085322756857769,0.0895645973781432,0.1790688857073427,0.1121385938609854,0.0128072553905158,0.0983585784583553,0.0604340281803186,0.7179631107960738,0.1682905347462971,0.0904611457844287,0.0072701473194323,0.0936413980869586,0.1169621965712384,0.1010372334592184,0.1321545678104837,0.130655368454888,0.0065245032418833,0.0606119415825096,0.0639869357448608,0.0301733943200971,0.2297023558453336,0.0023850943543675,0.1494393249054695,0.1364486375018271,0.060865170602961,0.0947968217400186,0.0299951674336025,0.1017483195196817,0.0325877883543964,0.1235439984105532,0.0072262868558747,0.081693326032065,0.0931351020974546,0.1223760380544381,0.1107610024512877,0.006612359148315,0.1079880497659318,0.0305451630529203,0.0087161606442977,0.1202535964005941,0.029361813744512,0.0063358266382399,0.0816632276740169,0.0433117916071019,0.2293476487367219,0.2133865275246569,0.1421039579255922,0.195417776835949,0.2105778146171576,0.0177967548981146,0.0864870856923018,0.0725008176777978,0.1388690246192112,0.3044910369609314,0.0486934533230188,0.0412642074564046,0.0585512353448437,0.0048061811571225
2012-12-31,0.0739908556892046,0.0881694945122321,0.0698626385487613,0.0398345996557593,0.0421036752658194,0.0149745572795941,0.04444021755801,0.011360322862091,0.2397277781897746,0.1389629869644426,0.0644494298444635,0.0022746263531012,0.0917305169929742,0.4663893527348705,0.0668279504410002,0.0874522176681366,0.0373396443856768,0.1782724356336705,0.0039480621756499,0.0631585740999893,0.1603728115469616,0.0417578297557366,0.0089364991354711,0.4390461809118869,0.1189104765623893,0.0614057401413699,0.0459242034159183,0.1702148741058234,0.24279278087284,0.0254678250439246,0.0673516118291592,0.0521122988595846,0.0900467214839513,0.2087922004499378,0.0457601809106972,0.0253097055041656,0.0409079979392385,0.1105036417985606,0.0737799755097759,0.0990438622287613,0.0340778367975131,0.0322991611736122,0.1537141416892193,0.0812659103190161,0.0972732157523178,0.0382907778032535,0.0828480448614968,0.0044788239383165,0.1317397312235808,0.1061197968710098,0.0862372734354438,0.2445430188009043,0.2306025265564846,0.0321632373055621,0.1321372049847877,0.2877914745945007,0.0915091259364971,0.2307383320511285,0.1700513714594645,0.2555121137671191,0.0853768689639031,0.0893018270711089,0.1368378890729952,0.1142409517265459,0.0187493717058541,0.1127679464987593,0.0732369767368847,0.2393209368598364,0.1748491829533494,0.0918693295558924,0.0070274550557365,0.2391837544582773,0.1132446100798244,0.1119363300984698,0.133846417623885,0.1305351461264938,0.0063938163866377,0.0610519159528242,0.0544512065879361,0.0271224974688323,0.218182704873305,0.0023323587737634,0.1498615543901008,0.1205845151838151,0.0594948365811508,0.0986471027183376,0.0290179276068842,0.1054311286098778,0.0287223299766274,0.1209491802610057,0.0074115823240322,0.0745636225200444,0.0937331708241928,0.1292334594518625,0.1041572007697383,0.0066164610502959,0.1216871141194446,0.0293074040921887,0.0093335910105219,0.1187644311555172,0.0285973544216745,0.0062781848673618,0.0795277681115341,0.0396403451014257,0.217005826998539,0.218191166846083,0.1334360821629599,0.1995812611491308,0.2084156497536642,0.0180801410252872,0.0863983345455449,0.069068535841661,0.1384037241091209,0.3114276471039166,0.0373477674022385,0.0365168921595891,0.0594369953001383,0.0047066216982254
2013-03-31,0.0771150021141287,0.0960757160550755,0.0670261406519067,0.0379299070858451,0.0357355466448006,0.0126794869332506,0.0434975591203078,0.0112448849459852,0.2415427715230815,0.1331652759174284,0.0628967825066145,0.0021733581106428,0.0889613868046726,0.4593734584226737,0.0637026759291943,0.0880405339303796,0.0390487662476705,0.1744359276105173,0.003760217378792,0.0619362552814776,0.1571423229571822,0.0478493223431054,0.0091027150567409,0.4418902858355062,0.1244035625702857,0.0607790626701157,0.043951041667793,0.1617849954477817,0.2405591408019471,0.0277873731762948,0.0568265292095419,0.0597084321492491,0.0858222442002393,0.214225224528616,0.0480802617985895,0.0257346591976709,0.0028108406580231,0.1411844314043839,0.0691159688448826,0.0934994143565183,0.0367066537823778,0.0286753161386521,0.1617190131209464,0.0801752146969929,0.113552263051954,0.0076304571309807,0.084148678377809,0.0043715486386293,0.1326668451391391,0.1146502822181741,0.0832020516002848,0.286652841201674,0.227374560627199,0.0282659728302469,0.1112463815390118,0.2718139817513346,0.0942057515000981,0.2364682110830346,0.186015747599073,0.2588545248219781,0.0869155057618646,0.0803426663993236,0.116723356289182,0.1158733486892798,0.0192257866018202,0.099501419241686,0.0673833725043471,0.3425697701488676,0.1715727487561095,0.0891040216592451,0.0068409296722462,0.2970671368534182,0.1068157882452391,0.1025137753761492,0.1323805157724671,0.1147816162776073,0.0058159094219372,0.065417876288546,0.0562529309882106,0.0266493644566373,0.2153873100962858,0.0023326469246079,0.137630188610942,0.1105850083643889,0.0492978534830716,0.0917006844220047,0.0283868444916468,0.0884598110205323,0.0365635665386784,0.1012189087119653,0.0076866267938457,0.0732305900804468,0.0943454876507376,0.1263669296175141,0.0860517923281157,0.0064605116725636,0.1179326664448276,0.0312283994979404,0.0098663077072999,0.1139761280514673,0.0288296588234145,0.0059939396026444,0.0756076217639763,0.0310960671050098,0.2631852115511671,0.214912729386881,0.1225950606321238,0.1970207728712654,0.2017992927901161,0.0128247359755041,0.0846495293933044,0.0727406688698042,0.1268923345674584,0.3034066084756389,0.0417741407758944,0.0378833888150965,0.0553355241475408,0.0045632398894159
2013-06-30,0.0780738560603176,0.1391262063517794,0.0704667589638964,0.038946054385554,0.0488454705194845,0.0122690009682143,0.0437378350456843,0.0117042423259995,0.2650435243869631,0.1312419405944626,0.0664774429187189,0.0019544120317947,0.0725961325547166,0.4691778483686528,0.0677030927359967,0.0874676406301512,0.0380586100595549,0.1540643587302625,0.0037947844604003,0.0631010237875507,0.1609002230730255,0.0359803978386465,0.0089026563475994,0.4077501571520739,0.1432131199603853,0.0648670869850057,0.0455397372595039,0.1710745240317283,0.2319600507342206,0.0257769056787272,0.0595909698007335,0.065341080847266,0.0956432149615599,0.1776675326602825,0.0458025365466169,0.024532856371305,-0.0176417702557848,0.0998693075083539,0.0754985944298996,0.0959119975082184,0.0332907198481051,0.0245455186169464,0.192605879757835,0.0768820121558279,0.1161420190774795,0.0004966955446055,0.0836170114469187,0.0051264435637464,0.1335327377331615,0.1230242096005891,0.087076261290095,0.2708434566999635,0.2250802268224342,0.0550250088983767,0.1529626181487627,0.2683542525034067,0.0721989859888029,0.2465279272613711,0.1943941373943258,0.2679214878179567,0.0902287966642578,0.0918446017336377,0.1104092579497138,0.106339265341611,0.0263915750337387,0.0960393090001351,0.0640366814237034,0.3806204882668958,0.1723344669363982,0.0863002938212828,0.0068515585576623,0.3132063099927283,0.1019183766346433,0.1046843291758062,0.1290546051802262,0.1157668141154224,0.0055984818022614,0.0750991663210839,0.0673541152539571,0.0273767181691092,0.1968308256010175,0.0022870476404766,0.1252824825834697,0.1096341707660411,0.0885220207388904,0.098179709624513,-0.0101369860643817,0.0991177705877679,0.0351619688136662,0.1308827129264289,0.0072273475872792,0.0763448740991622,0.0955210932442225,0.1240390938184277,0.1137965720872323,0.0066863678961013,0.1175883934736115,0.0288907604450087,0.0231698168781481,0.12226352154301,0.0288907896092249,0.0061933318721801,0.0916148016265147,0.076538932090667,0.2329221864806949,0.2092216609967535,0.1235308655657805,0.199796392354901,0.2185284706520004,0.0166703167478364,0.081113984382302,0.0782650390849357,0.1429462265620939,0.3253402453347439,0.0620853207304718,0.0369947409177217,-0.0035064599844193,0.0045211039621598
2013-09-30,0.0777416233508665,0.1182394612888561,0.069264833645325,0.0425590334898285,0.0496726281795666,0.0124504743241433,0.0450566563587737,0.0114479781066821,0.2391392339283972,0.1365202315723601,0.0677035689824008,0.0020576906780646,0.0742841968646438,0.460003318051841,0.07039237159949,0.0873540562091708,0.0384981600232553,0.1674795376806349,0.0038748154874198,0.0643679726056609,0.1591386723440346,0.030957557907321,0.0092091841182401,0.5002010097665868,0.1439563966592173,0.0666898950091168,0.0489493277795702,0.1620524966073805,0.2212789321620307,0.0295820719223744,0.0657089953142862,0.0625605982608912,0.0890393729360496,0.1573115067291334,0.0485729262036582,0.0285990468219216,-0.0049684379871253,0.0707897689442732,-0.0064621151580315,0.0973582478472718,0.0397894713330249,0.0353842322895786,0.1885877458881638,0.0823653727610698,0.1362330211814016,-0.0008202168286623,0.0822383044716301,0.0047199431847677,0.1327158852380618,0.1258932985557465,0.1791744218098626,0.2786073956267748,0.2314488309901268,0.0792602978204588,0.1731495368725721,0.295419727044051,0.0693463959741785,0.1664963784673974,0.1900388424310499,0.2769512193425742,0.091685762899368,0.0869853012069178,0.1063591286185423,0.1113582658194017,0.019484490957761,0.0865225595930185,0.0674921285013251,0.7727481184587486,0.1774956996854322,0.0858589066036763,0.0075497108579602,0.3096136533030896,0.1141145823059894,0.109377795094946,0.1333022437596338,0.1242895327711367,0.0053768759323711,0.0732296594258847,0.078658139838852,0.0334409854366618,0.2195959573766215,0.0021610165458496,0.1389622056337525,0.108610516914087,0.1111590184215869,0.0970214671992021,0.0012061767330421,0.2539071720612048,0.0403373196446308,0.1240449169225277,0.0078901878675591,0.074773321354218,0.0936643164003628,0.1264555099581875,0.0990770592484299,0.0066913366320722,0.1208508485164667,0.028918843481887,0.014378214224638,0.1212856398400977,0.0284335571995343,0.0063835392921995,0.0875213671771406,0.0527694811794963,0.2276927267864038,0.2257134277932889,0.1263643798772015,0.1992462041140399,0.2052633827812816,0.0180004229262451,0.0733702420674701,0.0773070556875604,0.1412803648411316,0.3045886456175574,0.0729831983278785,0.0414997950074589,0.056275259801448,0.0044152519865669
2013-12-31,0.0731345977717306,0.112976860416035,0.0680665592120153,0.0444677758348696,0.039895494034619,0.0155877047828121,0.0440743421170557,0.0117681807030538,0.2276662946131853,0.1326711238475181,0.0726569370069191,0.0020622268926999,0.0668322922689799,0.4612436686871485,0.0762635858816513,0.0879291927378748,0.0391633706761354,0.1690524765642716,0.0039365404959659,0.0650448028703006,0.1682160608047752,0.0340486493104189,0.0088666427051958,0.4316506124119216,0.1205531501593312,0.0667660550032355,0.0520113432677603,0.1532271908463471,0.2453681867828554,0.0286897159718215,0.0714667131196237,0.0733290107814255,0.0891377863122705,0.1627345982570424,0.0441392413897753,0.0267710502692555,0.003080428025067,0.1194423044403384,0.0283919050372871,0.0964766586134817,0.0356611671003524,0.0331781954241653,0.1711821599177944,0.0868365502652308,0.1315997783818413,0.0145206990967101,0.0769538614769033,0.0044017223941011,0.1297559517383805,0.1503549995817221,0.1104811330926448,0.2661402011767448,0.2340717450034791,0.0914727033050086,0.1238510561636093,0.2746670789611174,0.0901363753783887,0.1371029087465961,0.1538090227168344,0.2783003697843404,0.1008413349900881,0.0868913784020634,0.1106805742173351,0.120018321295487,0.0187342956506506,0.0908900838756128,0.0768923815247054,0.2575827048231842,0.1731498158839265,0.084802750865166,0.0073817682855532,0.3103975057697197,0.1114818060952008,0.1151204643798048,0.1398633326034798,0.1257437542607991,0.006454691980239,0.0603208251086416,0.0838259999596231,0.0330594918112359,0.2065937144253127,0.0021665828486309,0.1454781405614029,0.0925152982631511,0.1189349401605999,0.0984311570700393,0.022749352299954,0.0304501647769533,0.0379220058753092,0.1239320516405512,0.0079041119558889,0.072058821111066,0.0954511394713997,0.1322684693344,0.0895600683915782,0.0068545162111119,0.1243368101811534,0.0104153351128682,0.0113996980671912,0.1163979092674164,0.0295287650693383,0.0055633510952828,0.0851422377195725,0.0483101763816552,0.2222161235813318,0.2233132832582344,0.1168039452677233,0.204411310718012,0.2055539115945104,0.0179280883085616,0.070560270015237,0.0762426018931059,0.1390834102747065,0.309135361884255,0.0748076934473355,0.0380900549936851,0.0777221346558408,0.0038853013274877
2014-03-31,0.0726558959234983,0.1290074021524708,0.0782946850794719,0.046454283279999,0.059753965361959,0.0170024215954879,0.0443929820392927,0.0115226949008067,0.2267291708702555,0.124288482608627,0.0771020490061309,0.0019461122974667,0.0741650194293023,0.4614190502292004,0.0812380619648304,0.0866603609115332,0.0379790482243595,0.1732049855249966,0.0039322714986516,0.0634897309554289,0.1640198255979813,0.0490498877830466,0.0091917235686783,0.4221771881291563,0.1296288993942524,0.067994063002135,0.0522073937560887,0.1451242049418106,0.2511072189325563,0.0334047066613305,0.0625360730321907,0.0747410622616901,0.0863693454350415,0.1577892640814258,0.0533929531378869,0.0278333680906658,-0.0014286033288571,0.1254927521519852,0.0471824256952629,0.0932953915350901,0.0420998183723239,0.0295852398049637,0.1745227239754723,0.0839747787526146,0.1363575947980407,0.0148226936991632,0.0775348791594676,0.0043338081313086,0.125652255242596,0.1538647558635938,0.0887335910121702,0.3066154377604061,0.2475812770127832,0.1003135924426095,0.0991882813666501,0.2629620916436349,0.0931408177953812,0.1326997995784103,0.1776295762594398,0.2783089899281208,0.1031004349986397,0.078790284127051,0.1108852594059544,0.1229229931009948,0.0231132292206511,0.0894601619573073,0.070560623169454,0.3664931837014337,0.1692036726245802,0.0705249202761041,0.0071081834282823,0.2857383619020234,0.107344333361507,0.111772470123721,0.1420969675364151,0.1083824907386622,0.007097093327299,0.0705060557116438,0.0993165906665356,0.0321687406029789,0.2027593834718052,0.0022534109496183,0.1487307541899328,0.0895866614185305,0.1061693213758832,0.0938985230194466,0.0255081581023583,0.0816353189696903,0.0472607412998047,0.105645812531117,0.0072485926513989,0.0756856757068092,0.0961866498244327,0.1372400644490775,0.0768207794528986,0.0067820274036416,0.1179080633881865,0.0294456270539962,0.01132953735567,0.1170489157563656,0.0290383250226908,0.0054492730316627,0.0807128732360465,0.0362062874501376,0.2172949185228764,0.2202197330834164,0.1120735084185044,0.2062312269075698,0.2024781118621904,0.0164349774349025,0.0678322773360651,0.0765939226313375,0.1337726320869994,0.2992572679529193,0.0716215258130371,0.0408456270002659,0.0846036555578677,0.004148122442722
2014-06-30,0.0584611966370951,0.1608911300599677,0.076120437025867,0.0384164604243611,0.0657820177890485,0.0161346298649137,0.044229569346384,0.0117279129669944,0.2562509462985519,0.128575068204105,0.0795087923360672,0.0014662427656846,0.0669056391410188,0.4697439114121209,0.086128412656346,0.0849395283033508,0.038060063408143,0.1778281171763248,0.0040230951662432,0.0622852123181308,0.1716019432015016,0.0529591579288033,0.0091671151895523,0.4042298080379048,0.1461663164694936,0.0682001010007707,0.0545448319193666,0.1366324749781681,0.2559805943122498,0.0306831928863296,0.0730927450137578,0.0796908400886496,0.0884324544789388,0.1404924340221812,0.0580373977139609,0.024896619362713,0.0363019122345352,0.1103677533796572,0.0596283292353237,0.0998706065135824,0.0359254821223371,0.033341069936065,0.205829291334136,0.0770417009155498,0.1313289995979047,0.018451117234095,0.0792882497203254,0.0044894120438141,0.1273316877480136,0.1551519339549004,0.0883505470039468,0.2864998125810329,0.2503085176717099,0.1334275248237001,0.1410693791342281,0.2647353565483869,0.0756389845934409,0.1374473598608317,0.1902178647567569,0.2699479919736424,0.1049869016667542,0.0920556540461548,0.1155769818033304,0.1118293870304833,0.0173145544052206,0.0763793666486842,0.0656908243884213,0.4017510092439231,0.1597678842054872,0.0980241794332547,0.007676374476257,0.2776204832983462,0.1103573564546998,0.116774874042675,0.1422199845121736,0.108585800246279,0.004916715775141,0.0851422239080788,0.1155590242268368,0.0354040562019208,0.2073231611585772,0.0022909769832168,0.1608773874001278,0.0966848018082125,0.1141193244609077,0.1012540990085917,-0.0060727266416045,0.0570680209828509,0.0464048130996894,0.1357178068523302,0.0072646522171376,0.0788674772365155,0.1037555886103149,0.1359794748159976,0.1049454104923656,0.0070944498013034,0.111152391127458,0.0419997756882659,0.009979215784836,0.1235962652539996,0.0288919230075216,0.0056128290106011,0.0810641357454495,0.0799224098292502,0.2021676908366203,0.229508381697136,0.1143619368068244,0.2035827903017636,0.22112054995941,0.0217663584798298,0.0723261544466438,0.0698801622085203,0.1459807386991677,0.3231642679911629,0.0725473946046112,0.0418001470003623,0.008580614497486,0.00394844548085
2014-09-30,0.0566097375455213,0.1263676353500221,0.0622319256739613,0.0444636621420318,0.0661695845963865,0.0172942172884154,0.0446480924488346,0.0119214609890166,0.2515187327657316,0.1333249354018224,0.0834832841124023,0.0020454122552835,0.0685599763804977,0.4720882851375978,0.0861771982187866,0.0839615687676901,0.0390841471361455,0.1791396363922336,0.0040798163887531,0.0613364781059529,0.1704069890670529,0.0471341846423776,0.0092493123965253,0.500335969355156,0.1487180881567418,0.06784867966689,0.0562937813066227,0.1342267136591594,0.2482830821033474,0.0330476009623359,0.1392361343442425,0.0786320846961153,0.0844962428259366,0.1610788913426951,0.0541122539042784,0.027985864454533,0.0537484534131796,0.0916723551247651,0.057544365078242,0.1020334928380676,0.0433437560414882,0.0436890646463442,0.1929568451101481,0.0977311096404945,0.1432786152004439,0.0387042470799678,0.0794773785734599,0.0045866626812806,0.122182976582179,0.1531016139847708,0.0804965776672314,0.282744879526652,0.2581994032246577,0.1490046496093892,0.1690330677140826,0.2865094148515439,0.0734788881976071,0.1418567146206988,0.1865248835852326,0.2616155599904176,0.0780978118863475,0.0853276140147417,0.1123394186008006,0.1189190356775055,0.0201073428020072,0.070423433548992,0.0706610534632822,0.8115996377871556,0.1533700487345508,0.1105253304789466,0.0077255748254237,0.2703309210987519,0.1113306781516596,0.1077650300133636,0.1434118688375051,0.1133425387492144,0.0059969392584836,0.0828851499691438,0.1181860154091967,0.0363374334007295,0.2300781503883678,0.0021245376610563,0.1815779458020216,0.0999199899363801,0.1204701074875764,0.100414360336117,0.0315561431230624,0.1030420589986787,0.0455831663664845,0.1248836736164076,0.0066312120723186,0.0812452677457325,0.0996704388697144,0.1381766409388759,0.1021259514971856,0.0072279046004472,0.1210522797100991,0.0408110232293083,0.0089501052615136,0.1223805530845503,0.0263316130022624,0.0056821303368736,0.0735719545811002,0.052114845940425,0.1996653149453009,0.2190140645647088,0.1186979269360226,0.2019379867670973,0.2176382266528037,0.0181983588262688,0.0769925801493274,0.0752628840700213,0.1559092062340051,0.3044802699952681,0.1005465522042137,0.0444582116670415,0.063376042171067,0.0043977478269929
2014-12-31,0.0529408965150568,0.1098018551161461,0.0691024238915393,0.0497918047141804,0.0694265161988993,0.0178466857628227,0.0436248468162456,0.0116903663296648,0.2528370622552859,0.1296215984671561,0.0819338447040847,0.0017598100850854,0.0648595141267146,0.453499716378607,0.0862213394062636,0.0834503662558804,0.0366259037119701,0.1782433807973826,0.0042429594629229,0.0603204233686186,0.1703722223556832,0.045988158880756,0.0092387481321747,0.4345278591162883,0.1312933913850253,0.0689190398889974,0.0580974057689317,0.1407061458865929,0.2473682667010866,0.0302524863206895,0.1062661854470302,0.0789425115653816,0.0867355402753835,0.0504350691107058,0.0539558059680878,0.0283087641515212,0.0517287958043288,0.1248476877093122,0.0595432863594777,0.0999443336126226,0.0402804046803984,0.0388003608819589,0.1906829850366435,0.1075348185471439,0.1411963957334149,0.0441678523601633,0.0767955541910678,0.00489335089377,0.1179733768605921,0.1598856139951397,0.0797508598890534,0.2689937991751125,0.2562704270748244,0.1461669265363726,0.1258314645699842,0.2602266836163437,0.1023936780667904,0.1395927668734941,0.1744557998613596,0.2683680546636877,0.1058326166296663,0.0811396593381138,0.1443396055346199,0.123536893892649,0.0179808389339346,0.0754168478498231,0.076505682487947,0.2705332125784767,0.151604326244794,0.1141800741597653,0.0074977536084673,0.2695148943662246,0.1127116367172638,0.1189799366714786,0.1400520182790613,0.1130768022497296,0.0062434377528357,0.0817594706563454,0.117267990469703,0.0331582478001418,0.2221876794625378,0.0020587058870166,0.1789192019339224,0.0924764486452228,0.129766068496155,0.0993859781120062,0.0470609970415148,0.1122910476665209,0.0395366241219688,0.1198379125386417,0.0066706293574408,0.0769826332484416,0.0991614742898886,0.1421451803130851,0.086323953165225,0.0074338022001556,0.126439391903538,0.035065989076253,0.0091820670871786,0.1202523583614489,0.0243680043340249,0.0056958221122916,0.0727179215270062,0.0484390466466912,0.1987622403150715,0.3479113661923437,0.1139623823118566,0.1998487975889659,0.2133146515507968,0.016307697608696,0.07597460271641,0.0781070953567644,0.1557840187446643,0.3044789366650893,0.0763441600673,0.0424735458889506,0.0820088420576161,0.0047068319423408
2015-03-31,0.0553420208383777,0.1270083583722314,0.0679911766305013,0.0514976915714115,0.0676573667329476,0.0167456072542625,0.0394401736053707,0.0116681114432213,0.2662263680852375,0.1212124774889627,0.0821920762346976,0.0018557000283628,0.0689710427089485,0.4445689987927741,0.0846784538020715,0.0823362094186149,0.0359889639039833,0.1682697815990216,0.0041903638209737,0.0608383231228783,0.1639925121184933,0.0654551496271254,0.0093951307107265,0.4275201843720216,0.133920164461703,0.0678926386296549,0.0552454312562802,0.1389260826288454,0.2372536315669214,0.0365012207736295,0.083608069815436,0.0761810945217645,0.0836708680917619,0.1249023403710262,0.0722135726562232,0.028555935383843,0.0428217566013483,0.1285064952364762,0.0357642334529066,0.0934202125374715,0.0475992115602105,0.0347533236272766,0.1840161350121436,0.1066576961823719,0.1341297332443966,0.0434127894533797,0.0749317107303361,0.004744531631255,0.1160991276201774,0.1390853279981589,0.0805687106296931,0.2969946203920015,0.2511454316915537,0.1395298921787204,0.1008056428563955,0.2406573605385733,0.1023740413555966,0.1381645669578161,0.1885853012872699,0.2678955582212242,0.1104146402099374,0.0728716657792834,0.119304376511274,0.129090120630942,0.017311092977971,0.0880274806167416,0.0700308081625802,0.3580078435270881,0.1511297360815929,0.1116542127198949,0.0073280925361539,0.2631316214553403,0.1100230762390594,0.1150952708904516,0.1364883600929825,0.100694771416445,0.0062645465842788,0.0829008788854605,0.1173171574899015,0.0305036312666857,0.217427910487462,0.0020573526290055,0.1747226639779295,0.0910033822150586,0.1147224588318918,0.0917357280372541,0.0516691956805539,0.1127433305555117,0.0492768160407597,0.0994739281793309,0.0066120851191463,0.0795912437495082,0.1019936734299929,0.1389889527709948,0.0764198137216364,0.0073930660667181,0.1375292219679638,0.0223821783586162,0.0093511850290613,0.1139632914537495,0.0249812514446814,0.0055973613707628,0.0732316125090075,0.0373926662154463,0.2311139101053674,0.3752390627310715,0.0990736327704607,0.1958458591962794,0.2031438931834909,0.015431585869556,0.0691696475720644,0.0783385904522572,0.14592218758145,0.296405167554944,0.075246973355755,0.0479195579630413,0.0856707686859109,0.0046459006474463
2015-06-30,0.0786195282795416,0.1469409461241477,0.0711236082101781,0.0463912118571191,0.0690160029109873,0.0195148624180973,0.0390885425351223,0.0113802404810727,0.3031149906952097,0.1304005258296867,0.0842467067449064,0.0017762526761206,0.0676196315696447,0.4483216189309379,0.0887119219340381,0.0796636991395288,0.0364178666346626,0.1743997185330289,0.0041819332736578,0.0598207043742891,0.1682799593728462,0.0568282905423445,0.0090589229035743,0.4049117114572604,0.1516318848206303,0.0652479122098756,0.0541481584187562,0.140123354876286,0.2377354771889755,0.0362275442578755,0.0853137786051513,0.0836151741739478,0.0846001626972572,0.1380252107903885,0.0582206668853581,0.0292667404612835,0.0362048688670926,0.0727415930786279,0.0551467611510375,0.0964368395125011,0.0412967351867145,0.0347661358757589,0.2080509496707996,0.1090294193941324,0.1285544917481124,0.0490893238178133,0.0769762555767859,0.0049111898770856,0.1195881465400715,0.1043143086659298,0.0836419082099085,0.2836458647972865,0.2441040018971596,0.1426899133929179,0.1404852962856056,0.2386235875128505,0.078995763785116,0.1399340909859449,0.1961535884291167,0.2525812134070205,0.1180554087366728,0.0841071639264676,0.1207082181704296,0.1360678242103387,0.0158334909926517,0.0810741775388892,0.0705369847208618,0.4176614318425738,0.1471559613605169,0.1120253462399662,0.0073285008453846,0.2530525091517444,0.113943060746367,0.1131377536301436,0.131656080030977,0.096370320472133,0.005253780194756,0.0951000689618633,0.1132022464966192,0.0291994184222239,0.2028164114957689,0.0020444082096684,0.1692968133259572,0.0896896700716815,0.126498888277339,0.0963215080124342,0.0547358452268621,0.1169213755185187,0.0422337760135616,0.1272061787265418,0.0068700870397163,0.0864864292498605,0.1011693064766613,0.133376466923645,0.0970464832406185,0.0078073300222408,0.1289715279892909,0.027276690119556,0.0074020410096802,0.1098094158179018,0.0263099691482318,0.005999383123589,0.0848395115030436,0.0756516640719509,0.2035411793683582,0.3787946489103697,0.0953155289234736,0.1977652830654332,0.2163117810612102,0.0134037426231781,0.0904279751907634,0.070053352150723,0.1616746971938724,0.3171759105183881,0.0784689984519297,0.0442941359876676,0.080435050895285,0.0040517122158133
2015-09-30,0.0852322600931883,0.1214183187080191,0.0715552627367265,0.0512853146190454,0.0702728723036639,0.0169818774726961,0.0369654015117049,0.0114082901603576,0.2794173308983752,0.1254960146098898,0.0820946115816329,0.0021621795587073,0.0656239625232125,0.4974138909770372,0.084452695311341,0.0797159377131763,0.0368043022115546,0.1834897888443536,0.004264963757886,0.0580065841247609,0.1635384464576098,0.0466136788474361,0.0095474496345253,0.4993554291525316,0.136573779606859,0.0683407280699621,0.0553437661395868,0.139342734958761,0.2425664477296641,0.0395809354192958,0.0913283668683908,0.0799270093913115,0.0813833808990819,0.1511754475968117,0.0522560622951123,0.0321920928204313,0.0377664402890327,0.052179419026185,0.056493417717014,0.0965906918375005,0.0451257917289093,0.0429819192919293,0.2012431425569252,0.1115541911313804,0.1454643685827241,0.053563444605943,0.0736000945255913,0.0051196466256954,0.11924211484669,0.0877559915552904,0.0809383380699663,0.2700957595990795,0.2469901819657232,0.1451015897976421,0.1555339307618863,0.2716550245043225,0.0792783832617056,0.1429926536619852,0.2023744394763795,0.2546158464690092,0.119010583578892,0.078582027308816,0.1203663833901428,0.1338798134034436,0.0149061069975495,0.0755737571796232,0.0774713882402954,0.8688025846147237,0.152830995120179,0.1176255294133286,0.0072937116151281,0.2551327297172506,0.1209184469154639,0.1090729565433763,0.1346086866769958,0.1058276588240554,0.0052911767315853,0.0873687596539453,0.1170833861655443,0.0350038614740815,0.2137900731652692,0.002221889403223,0.1688231297753185,0.098339002023904,0.1332073767591209,0.0909852826708051,0.0568030150756231,0.1146202205061701,0.0441709440045228,0.1240798789088435,0.0064110930132382,0.0860641210832863,0.0983758068255504,0.1349176176412168,0.1805002564136379,0.0079589440074137,0.1272554453297616,0.0351362120398613,0.0081763570032276,0.1070098966059639,0.0255234430494096,0.0065505510411969,0.0787624905010073,0.0525427440239563,0.2016649724561171,0.3768739549701209,0.098875009641162,0.1970106943551435,0.2021249183537199,0.0148872475410611,0.0765779697302381,0.0625198173835654,0.1577442690646195,0.2950339108394366,0.0760847928173071,0.0468344586625588,0.0902364609651065,0.0045338234052716
2015-12-31,0.0881695773643972,0.1108951435693355,0.0698627729122415,0.0484728435396807,0.0726275207678888,0.0180936878242324,0.0376236331705685,0.0112777373867858,0.269769881632788,0.1247318902032962,0.084753514527212,0.0022019818529024,0.0640240528410702,0.4864212303256747,0.0875920051037815,0.0791149085710585,0.0360245094038512,0.1824405422814508,0.0043606352526287,0.0576047000415868,0.1806879634858766,0.0431489376158106,0.0095559478781751,0.4390861717174867,0.0908207605356016,0.0711606980233218,0.0573499440465297,0.1396494416529204,0.2436348359098885,0.0350964798064301,-0.0793377803772701,0.0805481224637707,0.0826730056330278,0.1672547758656102,0.0473549600983688,0.0288960496068091,0.0440230960963467,0.1021560783420813,0.0578886405723385,0.0924195119458318,0.0388241925763006,0.0361734577639737,0.1837747721856348,0.1138156890437943,0.1411744381942396,0.0430298382019768,0.0721978408418632,0.005681364875232,0.121816224282231,0.0814081218517609,0.0807933653566553,0.2720456311996939,0.2545733506552441,0.1451527632658807,0.1158915995872798,0.2440381175014299,0.0973716264205756,0.1378217478873263,0.18583618049212,0.2566070474896705,0.1174496791929634,0.0758831477696042,0.1191167924633804,0.1345266664678148,0.0148058436658497,0.0790809370598758,0.0832655260801007,0.2896008615380134,0.1553346330400606,0.1211373418044442,0.0073733012050427,0.2649616545724207,0.1223522363051552,0.1225834821811307,0.1322706755589976,0.1085530836080195,0.0057017289105286,0.0873054785513151,0.0950221033885061,0.0343818678246935,0.2108789170550886,0.0021502584677409,0.1713043619251071,0.0970384733413008,0.1268911229197044,0.0940978142236029,0.0549463223585403,0.1179223948353913,0.0422042306681735,0.1231875896362808,0.0062778996710793,0.0826147830277607,0.1015535222751847,0.1433014098804089,0.1281448328045254,0.0083327280024714,0.13445549577659,0.0410861846799561,0.0072241283344088,0.1086248215353219,0.0249219143498029,0.0067868310137324,0.0824586781670039,0.0476358386746501,0.1968655214853705,0.3709835456567046,0.0966590618803864,0.1980210334517149,0.1997710527845724,0.016480653847021,0.0685943125767429,0.0686461831278575,0.1605208410215409,0.2990621602798138,0.0813725262724377,0.0442871555541852,0.0944336243217038,0.0046299178017572
2016-03-31,0.0875581371214656,0.1279396485231141,0.0695359389707471,0.0460085091798932,0.0728528235892963,0.0170196666080773,0.0366884743901894,0.0111253257955952,0.2796544138775973,0.1152816020677641,0.0864633048424042,0.001170394617634,0.0625004809470232,0.4726968594418897,0.0821216970345931,0.0763664788570191,0.0366017018012838,0.1784272480938164,0.0042687824175428,0.0549024526805285,0.1700861204952908,0.0521567832052714,0.009444137292725,0.4376290885724954,0.1199853261785377,0.074171388674441,0.0563559080155097,0.1373890712176398,0.2412436999699625,0.0401251219354773,0.0223194558742566,0.0795822634879234,0.0769975925443418,0.1703759466218705,0.0511106893661234,0.0287875538689363,0.0197486760321123,0.134775234780698,0.0581120028574462,0.0892335959819435,0.039904530858767,0.0334877085879909,0.1773289727285441,0.110783034347931,0.1386812560647462,0.0552859547339939,0.0682989282806205,0.0054912462917439,0.1174158714274097,0.0759665472839196,0.0831129497855521,0.3171879010665706,0.2505543802184142,0.1321390104219585,0.0925647398624235,0.2376680458338091,0.0965642874735251,0.1358477859624418,0.2042957861640424,0.2597036998298906,0.1146692930643207,0.0658537619232001,0.1144115128211262,0.1361892181559384,0.0151702598886166,0.0838195256866258,0.0759405906933659,0.4293666565126894,0.1475705816800192,0.1209597859348147,0.0070385910683475,0.2558303881908057,0.1177147447683844,0.1192855147270431,0.1299287745196655,0.1001829538693387,0.0056940183035095,0.095079977517106,0.074610587796166,0.0300008959415639,0.2208533310183641,0.0021126074892469,0.1671652693083685,0.0871607957804323,0.1119521543065662,0.0888231840745336,0.0549130341195134,0.1129398656117964,0.0467160755560584,0.1014699345454241,0.0059997298903597,0.0830351190092536,0.1010431094250615,0.141508327960136,0.1042533889348386,0.0082727026674904,0.1692765285922012,0.035768412893318,0.0067716387781362,0.1029051345117732,0.0239692487832675,0.0066911590045774,0.0864920700556685,0.0339453982248816,0.2295581958284611,0.364394068552234,0.0871576766267942,0.1924496004839042,0.19351224692819,0.0180776059490072,0.0745213761922484,0.0691153970426192,0.1513479230071791,0.2941789547599373,0.0829461847574794,0.0466252238513954,0.0934655854405678,0.0048010679339191
2016-06-30,0.0985355777071557,0.1575439428410393,0.0821277396569162,0.0467253083932977,0.0770029945297656,0.0108278522026921,0.0357064807967297,0.0113113585985317,0.3119863766258672,0.1257202173559218,0.0849695922808013,0.0016529335392113,0.0683397849823413,0.502992127147298,0.089940113678198,0.0752439569523396,0.0376215646004279,0.1810227106979389,0.0042381481391809,0.0535696428935094,0.1805132461650973,0.0504988530684237,0.0088694597642416,0.4201889048574976,0.1378654680595133,0.0774363795581471,0.0550615120051698,0.1357635490725465,0.2448914446566543,0.031223795978492,0.0695213432914209,0.0832508764959746,0.0782563255147806,0.1540497768739561,0.1293165324553778,0.0275424972896454,0.0236934800107043,0.1029392342602313,0.0620151082858155,0.0919105546606479,0.0384416496195889,0.0225905401959964,0.2162669262428497,0.0976041561159764,0.1304613766882484,0.0678643175779985,0.0751377347602071,0.0053772127639146,0.0969271538091357,0.0779093064279733,0.0745034665951836,0.2794106623555218,0.241881568739471,0.1408358294739865,0.1398107132874765,0.2318594406112694,0.0773132998245075,0.137724715320814,0.2013603107213473,0.2492220199432964,0.1140065910214402,0.0807308999744006,0.114095933607042,0.1237464233853122,0.0161143586295389,0.0792107998955417,0.0768410595644553,0.4422002735042303,0.1440727812266729,0.1151543659782713,0.0204300736894497,0.2922567180636035,0.1178765235894614,0.1167056302423476,0.1257475021732217,0.1026952699564463,0.0051115721011698,0.103790391172369,0.0618124485987214,0.0296778233138546,0.2086121743394542,0.0020787298297489,0.1637904124361227,0.0956384425934778,0.1241437001021892,0.0935856860248447,0.0520841300398376,0.1280401912039328,0.0432053325186859,0.1303559088484759,0.0071932126301199,0.0901788196697515,0.1043759564750206,0.141586879986712,0.11521886897828,0.0079885195558301,0.1377749655307323,0.0392791469644394,0.0237658029260461,0.0985686548372575,0.0249682489277558,0.0066018090015258,0.0946593540185565,0.0686526114082953,0.1946204766094855,0.3621867155174113,0.0830458662089312,0.1878357581613012,0.1744887289760625,0.0152454153163356,0.0791177773974163,0.061246693014206,0.1567539756690599,0.3171991769199801,0.0843778682524932,0.0443497666171317,0.0842619751468555,0.0034067126446396
2016-09-30,0.2210380452357203,0.1361755136136794,0.0891129925523055,0.0481165727977659,0.0817934861765886,0.0154143720675641,0.0351353269322432,0.0101501761995105,0.3015371362086222,0.1257441331186406,0.080483316760267,0.0019963138464037,0.0507549956607801,0.5189936150490996,0.0967785045593994,0.0735828103174465,0.0357215395334759,0.1841490082326463,0.0042662187130603,0.0561381536311698,0.1801968593883657,0.0422663570228077,0.0093849765880805,0.543244004952501,0.1443126880198379,0.0760695665193823,0.0556519773350566,0.1358128143575155,0.2423039802188847,0.0361441146594974,0.0882030610971405,0.0801402661653248,0.0796071205049269,0.1701460189579856,0.046025988818458,0.0309530870965485,0.0166697566702346,0.055503600086743,0.0617050747619385,0.0956439075535493,0.0454298012065297,0.0344237073986656,0.2076085067476164,0.1016058507053255,0.1412003395627496,0.0732341805259995,0.0746141122534023,0.0053844135879715,0.1124337352697121,0.0754520941426577,0.082340339531728,0.259259674118507,0.2435969702464903,0.1446573471579955,0.1598058150958258,0.25277020753709,0.0718443466081691,0.1167164417736043,0.2024453815737824,0.2617727353144323,0.11235495034048,0.0764184866581335,-0.0441354301309882,0.1313704357951042,0.0145090782098462,0.0827376279651806,0.0819719231881518,0.876565873168083,0.1556472104088911,0.1150568853260904,-0.0012534187701837,0.2606470960212007,0.1241162911964872,0.1183055300807825,0.1256189573910739,0.0998652593188154,0.0035627173670565,0.0905936023907895,0.0606190388662404,0.0327616304379515,0.229124529446485,0.002203781276583,0.1637615948120409,0.1094189321978261,0.1274791173673964,0.0890613693416148,0.0546439166799459,0.1100921270679773,0.0442439361728953,0.1270093502828252,0.0084545248767066,0.0878351278899171,0.1005572168250068,0.1506174773289041,0.1046578643260932,0.00821797051861,0.1352923258435774,0.0343542269881464,0.0141380216420152,0.0497526356124184,0.0237869129759186,0.0071389470005086,0.0942960673395188,0.0511010884694315,0.1880148902031617,0.3605293985058038,0.0955055554029772,0.1967774240537672,0.1736998063253541,0.0171435537721118,0.0770362124658054,0.064555739671402,0.1539745418896866,0.2961342869733264,0.0791606994174976,0.0482957962057106,0.0893437597156185,0.0046144448815465
2016-12-31,0.1440784417452397,0.1351157518712264,0.0918433068507685,0.0473542669325886,0.0897959687255295,0.016814750689188,0.0348155583107477,0.0101525700665035,0.3041244674028741,0.1275898957062135,0.0815634722534223,0.0018765206154679,0.0704756625535934,0.5439967723497,0.1038242221864665,0.0730900867724821,0.0337026091778253,0.1854104740775487,0.0075354009043534,0.0537164385437232,0.1948616864627886,0.0385752523409359,0.0077297941960268,0.4530313276508332,0.1369250560066126,0.0747867321731274,0.0582500971116855,0.1359720181191718,0.2417706007396282,0.0356103155531658,0.1011497830323802,0.0818252987217749,0.0837315648349756,0.1810213856526619,0.0172084069394858,0.0315823643655161,0.0288370088900782,0.0983630306955812,0.0688142829206462,0.0955137278511831,0.0399878324021765,0.0525034291328886,0.185609124915872,0.1129409182351085,0.1464665991875832,0.0757139948419998,0.0748159207511341,0.0054246818626571,0.1184937344232373,0.0757354800475525,0.0839713991772426,0.2501811167061689,0.2520189274154968,0.1521258850526652,0.1242485476986084,0.2293144725123632,0.0946774575360564,0.0979184899245346,0.1781743318579273,0.2479704371048106,0.1100963147801599,0.0765939148860444,0.0431917412896709,0.1297418759317014,0.0149042507366154,0.1021068653217269,0.0894621083960506,0.2921886243893581,0.1556754994696303,0.1245347831086968,0.0046727470766054,0.2488600580070668,0.1240034110654957,0.1309025000269275,0.1288681964636913,0.1098411351062718,0.0045471044556855,0.0784836627969297,0.0633282609554135,0.0345116454793172,0.2276626971488283,0.002265113758861,0.1723419062706803,0.1022876127326086,0.1248300344557988,0.0934078104472049,0.0550102668933153,0.1186988223559924,0.0402826700576317,0.1249721734276084,0.0078603529589022,0.0893768806299723,0.0956066056083355,0.1610246037763014,0.1298694567753645,0.0073781175062033,0.1422156172811925,0.0330566309960488,0.0141515658806717,0.0763236378708062,0.0225550096586395,0.0072158603335028,0.0975169457798396,0.0397086648231437,0.1894646274010539,0.3640178995019345,0.096398134467659,0.195368558684589,0.1875948187751181,0.0148504312573706,0.0741872348219351,0.0663081452238007,0.1568450319632288,0.3002709289911088,0.0765405404724992,0.0435713934019035,0.0931951245718728,0.0048069076271821
2017-03-31,0.1163486732484131,0.1572465686237421,0.0877514469502561,0.0443596189775295,0.0970106749085098,0.018622522896396,0.0357661814369159,0.0102479460221678,0.3195926964676246,0.1269220439020711,0.0833638800844741,0.0021624188718226,0.0888255501845311,0.5499547907832333,0.1043948247288221,0.0693572049241607,0.0335368703926084,0.1823457173591829,-0.0083626850318822,0.051886912181241,0.2004711274875962,0.0461306054469786,0.0080291287320089,0.4340608585502777,0.1482294860022042,0.0752210900577091,0.0584194170372285,0.1306053193730572,0.2400403509132093,0.0406958851843886,0.08380487367746,0.0812853629072583,0.0756378042783252,0.1910217052175539,0.0077480523131619,0.031698239455172,0.0322231409633594,0.1401148182318604,0.0683996229735487,0.0883881579503943,0.0415233614673921,-0.0683768742890373,0.1819737249719573,0.1441994954117029,0.1381015017291944,0.0796268956139999,0.0736577975837113,0.005599901954219,0.1163716074744124,0.0706908973491841,0.0864741677257475,0.2855404762353897,0.2510487398051655,0.1519869376842217,0.0966935992328694,0.2145496141707877,0.0871436791786854,0.1169224026415115,0.1993148452859758,0.2512075370349368,0.1040862869267199,0.0670014289620148,0.0720426537632237,0.1475822186439004,0.0146355515788718,0.1047041637739089,0.0822302047986835,0.3969645614631195,0.1546921778232101,0.1276858677028989,0.0062991590255351,0.2264201060023555,0.1194654390218319,0.1349490653423092,0.1326119561545637,0.0949679803687572,0.0044353501518951,0.0897575262656432,0.0618242283184711,0.0330779071597724,0.2202253603829427,0.0022746172529536,0.1748482794235601,0.0916341315775362,0.1164361574852662,0.0901887448157349,0.0606755309644384,0.1284536941186641,0.0508472840192106,0.1023950251425361,0.007619092319634,0.0838442728766574,0.0965139178694451,0.1671102859254338,-0.1475080830748789,0.0075773865020677,0.1320081450937308,0.0462033063320162,0.0092415199602239,0.0817230486236021,0.0256606045528798,0.0074561141111676,0.0996859999266132,0.0338990176077145,0.2223442391336847,0.3730253638339781,0.0885406614892196,0.196594398894863,0.1932770949250393,0.0182529857524568,0.0731925042739783,0.0668539944079335,0.1508719759877429,0.2975535263303696,0.066532165490833,0.0457820544673011,0.0928287088572909,0.0049546158757273
2017-06-30,0.1130164490828044,0.1951820155412474,0.095589452316752,0.0451395703258431,0.1009491556361699,0.028522973632132,0.0357082604789719,0.0104963240073892,0.3387222641558748,0.1296059586340237,0.082060786028158,0.0020376769572742,0.0933634453948437,0.558921371594411,0.111699943576274,0.0600048803080535,0.0343471981308694,0.1855330324530609,0.0001574069893726,0.0517847327270803,0.2230629958291987,0.0501186091489928,0.0084832842440029,0.4059353461834259,0.1652887986674014,0.0762692813525697,0.0580168910124095,0.1300036764576857,0.2317520843044031,0.0382580063947962,0.09211113522582,0.0836992709690861,0.0804530687594417,0.1708196010725179,0.0045050954377206,0.0300566384850573,0.0358077263211198,0.0967985720772868,0.0881924956578495,0.0648047366501314,0.0406937751557974,-0.0077003867630124,0.2253851849906524,0.1463308364705676,0.1267936585763981,0.0764539498713333,0.0754027005279038,0.0212868686514063,0.1319591278248041,0.0787660211163947,0.0898520879085825,0.2596484014117965,0.2409743146017218,0.1628668432280739,0.1507294117442898,0.2181867387235959,0.0734827403928951,0.1219256755471705,0.1955710190953252,0.257956254344979,0.11649441364224,0.0827664289873382,0.0811380259210745,0.1401388115479668,0.0064870918596239,0.088314202591303,0.0803189302662278,0.4215674858210398,0.1502227672744033,0.1241217772342996,0.0054789530085117,0.2917170233341185,0.1226683810072773,0.1218579564474364,0.1290028213848545,0.0944682507895857,0.0038538840506317,0.1116139507552144,0.065244860106157,0.0374417670532574,0.2153011187943142,0.0020952150843178,0.1719092458078533,0.0947282065258453,0.124059337828422,0.0971151709385783,0.0627939596548128,0.1582064700395547,0.0504377993397368,0.1327980123808453,0.007555049439878,0.0870770282922191,0.096070571289815,0.1637505766418112,0.0126099223083737,0.0074937475006892,0.1305229023645769,0.051917078110672,0.0096887713200746,0.0853272495412006,0.0280608821842932,0.0066299967037225,0.1035229026422044,0.0410946358692381,0.1907851970445615,0.376264236611326,0.0899776864964065,0.1989551429649543,0.2083216476416798,0.0168531872508189,0.0706322667579927,0.0604878028026445,0.1626240579959143,0.3203634447767898,0.0666288884969443,0.0458727748224337,0.0930693476190969,0.0051067672919091
2017-09-30,0.1146362383609348,0.1650082531804158,0.0884350974389173,0.0486556101086144,0.1025792805453899,0.014779064544044,0.0339754961596573,0.0105039393357964,0.3042758127186249,0.1278129108780079,0.081871880009386,0.0021545596524247,0.0968632197982812,0.5749367231981369,0.1094876125254247,0.0603957361026845,0.0322769920436231,0.1930577941510203,0.0028992256631242,0.0496688375756934,0.2236457999430662,0.0621137410496643,0.0096493800813343,0.492249116061142,0.1714846755558005,0.0753786311175232,0.0597784050041365,0.1310159548192286,0.215905019434801,0.0445113181315987,0.0949452924086066,0.0827851969896953,0.0800223555864805,0.1790067696908393,0.0089141278125735,0.0343486588283524,0.0498964101070399,0.0552652706924289,0.0756650952192832,0.1360547415500438,0.0502052557185991,0.0282409464123292,0.2248225196635508,0.1553595108235225,0.1443278921921326,0.0911673379571111,0.0720714795093012,0.0108059342171354,0.1288462899416013,0.1017513083721315,0.0900141899695275,0.2392098138039321,0.2485623142005739,0.0525597144093579,0.1764695559147632,0.2429948575745319,0.0787945874642983,0.1239282558490568,0.2121411816984418,0.249227222114993,0.13108715521408,0.0822005796624461,0.0904212933070248,0.1446226385159889,0.0040753712865413,0.1016105655304343,0.0857677534220759,0.8398272792736801,0.1587993990914677,0.1261114750780999,0.0063607310028372,0.2033622604447061,0.1304626923357591,0.1281403068158121,0.1324606944616182,0.0967295989298619,0.0063546186835439,0.1089202702517381,0.0670528780353856,0.0406977256844191,0.2232228255981047,0.0021802223614392,0.1796228126026178,0.1130879888419484,0.111987496609474,0.0954702309795261,0.0662169978849376,0.1398603846798516,0.0492867171132456,0.1308606781269484,0.0075443218132926,0.089879498764073,0.0916581324299383,0.1686130822139371,0.0508986301027912,0.0079134845002297,0.1388570574548589,0.046312431370224,0.0121975524400248,0.1068053851804002,0.026927404061431,0.0069706495679075,0.0995797742140681,0.0445860979564127,0.1877296623481871,0.3813754062037753,0.0948193348321355,0.1911291743216514,0.2038409125472266,0.0154833297502729,0.0749968269193309,0.0629811529342148,0.1608977926653048,0.3008720749255966,0.0670349768323147,0.0523169509408112,0.095450170539699,0.005452001097303
2017-12-31,0.1105518487869782,0.1670287037268052,0.0916196691463057,0.0429809633695381,0.1034110148484633,0.014932872181348,0.0306007987198857,0.0104596324452654,0.2891331282395417,0.1234151856260026,0.0870168880031286,0.0023219185508082,0.098633984599427,0.585096186399379,0.1055299375084748,0.0619323500342281,0.0304167906812077,0.1853382013836734,0.003958595887708,0.0496242931918978,0.226173573981022,0.0538397130165547,0.0099698006937781,0.4229372440203807,0.1400819898519335,0.0726873023725077,0.0608597703347121,0.1266130029397428,0.2116652771449336,0.0430711173771995,0.1018712828028688,0.0737176816632317,0.0836368265288268,0.1894205058969464,0.0332139952708578,0.0335762589427841,0.0682102740356799,0.1118010142308096,0.066075455739761,0.1578332411833479,0.045997419239533,0.0317892908041097,0.1866045045545169,0.1660597562745075,0.1445110013973775,0.1086781346523703,0.0698789958364337,0.0072149320723784,0.1281980066472004,0.1096339294573772,0.0892647886565091,0.2262421486013107,0.2551975247335246,0.1289984908031193,0.140576339304921,0.218352150524844,0.0866572571547661,0.1296747599496856,0.1831855832328139,0.2676825533716643,0.1316494377380266,0.0774018192208153,0.0876214951023416,0.1488064455053296,0.0026879877621804,0.1149631831768114,0.093241517140692,0.27994242642456,0.1606333950304892,0.1245126110260333,0.0072966896676124,0.1855973014815687,0.1279107561119197,0.139169506938604,0.1354325028205394,0.0898380449766206,0.0063212508945146,0.107573683417246,0.0730029840117952,0.0413044818948063,0.2157597885327015,0.002089187453813,0.1822159642008726,0.1177390462806495,0.1204871875364913,0.0972939769931753,0.0708557986283125,0.1272368595599505,0.0487560677044152,0.1260374213756494,0.0083390146044308,0.086264674254691,0.0934955994766461,0.1695531960713123,0.0561022807009304,0.0083564501667432,0.1407377718182863,0.0375160717900746,0.0111767574800082,0.1118222710601334,0.025904416020477,0.0075811345226358,0.100875182071356,0.0442777626521375,0.1914567601160623,0.3721054047345917,0.1121031889440451,0.1973203527738838,0.2031123481824088,0.0162332412500909,0.0582717389731103,0.0644115476447382,0.1493135495551016,0.2950811103085322,0.0597711749441049,0.0483645183136037,0.0954175168465663,0.004991227699101
2018-03-31,0.1077937622623261,0.1633429292422684,0.0840919257154352,0.039657705789846,0.1031079236161544,0.0146327500604493,0.0322154729066285,0.0107294554817551,0.2949718727465139,0.1162595898753342,0.0875435026677095,0.0024291048502694,0.0976733015331423,0.573209224799793,0.1063451978361583,0.0623779633447427,0.0316324128937359,0.1894579971278911,0.004330722629236,0.0447861363972992,0.2060083833270073,0.0644744196721849,0.0102742622312593,0.4160737046734602,0.1461964839506445,0.0737233401241692,0.0590266027782373,0.1258632323132476,0.2116439910483112,0.0497031364590665,0.0854998249342896,0.0792007278877439,0.0751910441762756,0.1941453152989821,0.0465566517569526,0.0347796043142613,0.0474642060118933,0.1212091040769365,0.065805379246587,0.1547147230611159,0.0490748044131776,0.0321297596013699,0.1854323575181723,0.1650775547581691,0.1389571051324591,0.1137114248841234,0.0701219519454779,0.0058564260241261,0.1274757008824001,0.1026919378191257,0.0874211515521697,0.2985327095337702,0.2581720209111749,0.1446845942677064,0.105160163768307,0.2033177988416147,0.076526004384922,0.1336290693165618,0.1967781057442713,0.2738790477905548,0.1315174492460088,0.0649338497402717,0.0832730937007805,0.1549243231684432,0.0018716585873934,0.1165230190589371,0.085499501713564,0.3799056474748534,0.1557975543434964,0.1218866856753444,0.0075637452225374,0.1714167564938562,0.1187025293706399,0.1431256936462013,0.1350067822735131,0.0867916849922068,0.0055365482981715,0.1082555398057486,0.0782538540039317,0.0350611359649354,0.2008972281775672,0.002082539151271,0.1767829874002908,0.1164624000935498,0.1093883745121637,0.0907422696643917,0.0684720168761041,0.1136858898533168,0.0602878865681384,0.1016690377918831,0.0082564702014769,0.085156772084897,0.097075885158882,0.1596420086904374,0.0526555202336434,0.0085209993889144,0.1299203812727621,0.0462143665966915,0.0097321831600027,0.1094134390200444,0.0249056166734923,0.0080219341742119,0.102559260690452,0.0347888335507125,0.2292919780386874,0.3663001149115306,0.1389955783146817,0.2023924149246279,0.1974665027274696,0.0214141350833636,0.0512174016577034,0.0630137032149127,0.1473644518517005,0.2911030494361774,0.0610872009813683,0.0527604741045345,0.0938730909488554,0.0047910438997003
2018-06-30,0.100150176087442,0.1802805730807561,0.0919854585718117,0.0409379025966153,0.1048361372053848,0.0208462400201497,0.0320898163022095,0.0111277584939183,0.3352943962488379,0.1248709926251114,0.0883988882225698,0.0026957129500898,0.0925611998443807,0.564337953599931,0.1071707779453861,0.0623772317815809,0.0339956116312453,0.2004602203759637,0.004549144876412,0.0451282047990997,0.2129045437756691,0.0583204058907283,0.0097031394104197,0.3889312228911534,0.1685903173168814,0.073073489374723,0.1512392075927458,0.1261666874377492,0.2088698830161037,0.0480505341530221,0.0875082343114298,0.0876611406292479,0.0815259787254252,0.178995198432994,0.0462199339189842,0.0334355887714204,0.0431242233372977,0.0919508806923121,0.0682080770821956,0.1683429163537053,0.0217433974710592,0.0343939378671233,0.2199515905060574,0.1020244035860564,0.134633355044153,0.2707924856280411,0.0714358119818259,0.0056966506747087,0.1380518942941333,0.1097989452730419,0.0924236458507232,0.2701889571779234,0.253382114303725,0.1532545227559021,0.1505866292561023,0.2069802529472049,0.062148846794974,0.1415610804388539,0.1918446332480904,0.2663626119301849,0.1338081397486696,0.0780017892467572,0.0914122099002601,0.1374296857228144,0.0018810708624644,0.1149537490196457,0.1028497012378546,0.3918425404916177,0.1444905541144988,0.0874414405584481,0.0074346404075124,0.198702613497952,0.1172985844568799,0.1397843038820671,0.129418850091171,0.0899433416640689,0.0054165700993905,0.1320955512685828,0.0809750426679772,0.0224995899883118,0.1890850273925224,0.0022013457170903,0.1509263178000969,0.1172760540311832,0.1168649581707212,0.1555911678881306,0.059881527625368,0.1303821179511056,0.0500312101893794,0.129361143263961,0.0086577174004923,0.0896538026949656,0.0976185377196273,0.1504262168968125,0.0617044227445478,0.0087973084629714,0.123084200424254,0.0379200408655638,0.0083584070533342,0.1142884350066815,0.0262393802244974,0.0070892093914039,0.1042515562301506,0.0364014905169041,0.1961218646795625,0.3578164516371768,0.1574429707715605,0.1999929849748759,0.2100810795758232,0.0203740490277878,0.0356547998859011,0.0632036084049709,0.1606033459505668,0.3228987124787257,0.0659105923271227,0.0862617173681781,0.0982518143162851,0.0037828919665667
2018-09-30,0.0915885200291473,0.169386848360252,0.0862341948572705,0.0407183915322051,0.1034303917351282,0.0120146993400499,0.0315088747674031,0.0109651761646394,0.2951428527496126,0.1326154562083704,0.0886523994075232,0.0026560149833632,0.0909342306147936,0.5812036038666437,0.1002142539817953,0.0611949132605269,0.0384718838770817,0.3794920081253212,0.0043222382921373,0.0446672789330332,0.195360401925223,0.0543388412969094,0.0098542284701399,0.4733626856303844,0.1760266344389605,0.077181258458241,0.0883969631975819,0.1264559144792497,0.2029447450053679,0.0517347953843407,0.0885957567704766,0.0887089755430826,0.0781198495751417,0.184899088810998,0.0470283926396614,0.0377395009238068,0.0608549844457659,0.062544671564104,0.0675426676940652,0.1751516394512351,0.0496773618236864,0.0429062179557077,0.2082055928353524,0.1397019065286854,0.132315220348051,0.1043125558760137,0.068584013993942,0.0053087228915695,0.1377175807647111,0.1134917090910139,0.0898795326169077,0.2520316043926411,0.2648584121012416,0.1464982562519673,0.1663087164187008,0.2304447716490683,0.0654925122649913,0.1430776214796179,0.2120752437493634,0.2681180159767283,0.1391594245828898,0.0707989050822524,0.0889466039667534,0.3265730025742714,0.0016571989541548,0.1079795210065485,0.0988743090792848,0.7635408001638727,0.1470929287048329,0.122689952852816,0.0074811008025041,0.1698106444993173,0.1213759714856266,0.1387646566273557,0.1316145873637237,0.0976448165546896,0.0045423233664635,0.1227041977561943,0.091308022222659,0.0374425946627706,0.1990566204641741,0.0023405032390301,0.1549662279333656,0.118158570677061,0.1158476227235737,0.1675337439627101,0.062673601208456,0.1012454759837018,0.0604396687297931,0.1302542004213203,0.0085528924668307,0.0877364795649885,0.0935485659065424,0.1458944576322708,0.0228647982481826,0.0089562774876571,0.128893978141418,0.0421970322885212,0.009875077017778,0.1102776850022271,0.0250162274081658,0.0078671051304679,0.0998984187433835,0.0431942675056347,0.1891474822265208,0.3565613372123923,0.1736763415905201,0.1986002883249586,0.203564977191941,0.0177949323425959,0.1210419266286337,0.0623700388016569,0.1517886099835222,0.2956008708262419,0.0879110401090409,0.0660146044560593,0.094107192772095,0.0039026066555222
2018-12-31,0.0897115160097157,0.1540701107867507,0.0919231896190901,0.0433320871774017,0.1048002299117094,0.0123577211133499,0.0303816629224677,0.0115156813882131,0.2804680149165375,0.1297409267361235,0.0902168211358411,0.002837029661121,0.0914473908715978,0.6053212119555479,0.0964281273272651,0.0627626664201756,0.0552693639590272,0.0728100760417737,-0.0146279665692875,0.0448965016443444,0.1901291819750743,0.0494808757656364,0.0095375534900466,0.920608879210128,0.1453018461463201,0.078198428152747,0.0678169357325273,0.1231755794930832,0.202164859668456,0.0578786064614469,0.1332068342568255,0.0907182031810275,0.0813458085250472,0.5391774642703328,0.0417236488798871,0.0306944909746022,0.0529610261485886,0.0923833631880346,0.0692326158980217,0.1762777291504117,0.0475961772745621,0.0381939939852359,0.1858523729451175,0.1541720615095618,0.134502030116017,0.0430980906253379,0.0696714086646473,0.0049652896305231,0.1404035709215703,0.1216436723636713,0.0900424055389692,0.2363495321308804,0.2591864513670806,0.1413261007506557,0.1636110541395669,0.2112211838830227,0.0668222774216637,0.1379630858265393,0.1885526685831211,0.2804172933255761,0.1290843361942966,0.1083811170274174,0.0836848426555844,-0.2512187411419095,0.0013824776513849,0.0933683430021828,0.1089427450264283,0.2545136000546242,0.2212237909016109,0.1344819469509386,0.0077880542675013,0.1680102014997724,0.1238204704952088,0.1482112628757852,0.1357206777879079,0.1017401195182298,0.0055950377888211,0.1204751379187314,0.105254583407553,0.0404707362209235,0.5499794748213914,0.0025807337463433,0.1642788113111218,0.0992627968923536,0.1422336162411912,0.1858346193209034,0.0628578084028186,0.0914733233279006,0.051216070909931,0.1274454814737734,0.0086488188222769,0.0841482798549961,0.0916296233021808,0.1498261385440902,0.0882683634160608,0.009421671829219,0.1359867553804726,0.0344930047628404,0.0114444436725926,0.1822276230007423,0.0234705771360552,0.0082493930434893,0.1021258262477945,0.0452469911685449,0.1881866934088402,0.3636230537374641,0.17476704519684,0.2007327321083195,0.1985973250639803,0.0167889161141986,0.0545600308762112,0.0599426942672189,0.2572953613278407,0.3005975536087473,0.0705284100363469,0.0539059194853531,0.0950615635906983,-0.0090899351148259
2019-03-31,0.0867650306699052,0.2595344909289169,0.0849988452063634,0.0880390943924672,0.1030870653039031,0.0109816003711166,0.0299404943074892,0.010664461796071,0.2991583856388458,0.1265406075787078,0.1335124483786137,0.0029467252203736,0.0906391962905326,1.2369732179851824,0.080134867775755,0.0626255514733918,0.0402029059863424,0.1531929980139245,-0.0027571221897625,0.0440419172147814,0.1632357473250247,0.0705304539218788,0.0095971711633488,0.3063298537367093,0.4320512780487734,0.1733529647175823,0.0568791712441757,0.1177264498310277,0.2008162612228186,0.0536199641538156,0.0429660674189418,0.0871197290603425,0.073329153508349,0.1628528880901109,0.0508454529599623,0.0335919556582007,0.0655940433828628,0.1225508037293449,0.0693355252993405,0.1655276737168039,0.0515800237581873,0.0367021819950786,0.1722660596483725,0.1496555598365206,0.2134190313720056,0.0253939502084459,0.0685160562215491,0.004279721876841,0.1363833836405234,0.1321944421212237,0.097892187846323,0.6942353167102935,0.2413745451223602,0.1249846329168852,0.1143138593798556,0.5779377832943409,0.0609083771405546,0.2370205646088464,0.203012069527707,0.2841333164418587,0.1178696787314322,0.0731644010091391,0.1448534508851948,0.0256056942860301,0.0021120212171283,0.0782060610007276,0.1005788170088094,1.1937177293515415,0.1666544116338703,0.1344264403169795,0.0077532780891671,0.1588503618332575,0.1161521181650696,0.147575104958595,0.1318150599293026,0.0915727851727433,0.006278719929607,0.2776439246395771,0.0999554544691843,0.0433346434069745,0.1858340722737971,0.0025531479154477,0.1507238777703739,0.1329559496307845,0.1183161687470637,0.0619448731069678,0.0636707508009395,0.0793974697759668,0.065389428969977,0.0985951558245911,0.0087123862740923,0.2030156512849987,0.0932780777673936,0.3039867561813634,0.0633270371386869,0.0082850706097396,0.1218046384601575,0.0553851089209468,0.0105843425575308,0.1308587976669141,0.020294114378685,0.0087920610144964,0.1040464314159315,0.0363836117228483,0.5718473718029468,0.3477309132458213,0.1623516130656133,0.2034218860361065,0.1919374790213267,0.0182556860380662,0.0604197136254037,0.0600400734224063,0.1838329457759469,0.2974261698695824,0.0542398380121156,0.057092099828451,0.0826184051968994,-0.0016710417049419
2019-06-30,0.0811199602233017,0.2043334503096389,0.0938111857354544,0.0576559754641557,0.2845549564346343,0.0075099014570388,0.0315302861024964,0.009701725265357,0.3387213685462819,0.1453447018595692,0.1071302614595379,0.0069963277401245,0.1705854427635108,0.8150203373283942,0.0718497019252516,0.0593596731577973,0.0452107559954474,0.1921337300046415,0.0007237439367458,0.0443140797382604,0.1931747711083415,0.0640367953072929,0.0088932670544496,0.3514923519122364,0.1440170926829244,0.0576237909058607,0.0514785370813919,0.1200107792770092,0.2094737550742729,0.0426810167179385,0.0557441544729806,0.0755060396867808,0.075337050502783,0.1667637220300369,0.0478226316533207,0.0313936718860669,0.0568082011276209,0.1192062105764483,0.0905784004331135,0.1667295965722679,0.0514288532527291,0.0384783099983595,0.2044061745494575,0.0888697739455068,0.1526232271240019,0.0800269414028153,0.0697870420738497,0.003172913958947,0.1367612318801745,0.1414879120404079,0.103812956615441,0.3854647575700978,0.23529078037412,0.1208529016389617,0.1698974264599518,0.3246629624314469,0.0448764977135182,0.0767236982029488,0.2068182691759023,0.2752699368139529,0.115956037577144,0.076316275669713,0.1709197842950649,0.4199068680953433,0.0080860897390427,0.0674160770002425,0.0955276010029364,0.6403104611171805,0.1431968385446234,0.1349186427723265,0.0072547333630557,0.4972463932777525,0.1180140233883565,0.1469803503195317,0.1302625126431008,0.0917706377242477,0.005151169309869,0.1968323895465257,0.0885802961563947,0.0419807538023248,0.1812204520912657,0.0053177319718159,0.129700245923458,0.3152274285435948,0.1113991622490212,0.0856624923689892,0.0583711562669798,0.0787800979253223,0.0550856409899923,0.156091646608197,0.0086491694246974,0.1309567544283329,0.1010136705891312,0.1850266433937878,0.0746323883795623,0.0100456328699132,0.1168655908200525,0.0464788469736489,0.0106764801858436,0.1181262198889713,0.021148748792895,0.0087934503381654,0.1133074051386438,0.0410464665742827,0.3045228639343156,0.3246468264152737,0.1547855763552044,0.1961162120120355,0.1993700156737755,0.0140253286793554,0.0534980138751345,0.0606775944741354,0.1707913625919823,0.9220802112898608,0.0360034433373718,0.0557274552761503,0.0885553363989664,-0.0008466745683139
2019-09-30,0.0796795727411005,0.1715405514365463,0.0930710812451515,0.0516870144880519,0.1591170061448781,0.0102789624856796,0.0297051007008321,0.0098465590884523,0.3227451375154273,0.1343795639531897,0.0922586171531793,-0.0041330860866251,0.1188307329211703,0.6752761411094648,0.0661494033084172,0.0576580637192657,0.0426722953318158,0.2022331853348805,0.0023277279789152,0.0437853465794201,0.1691192983694471,0.0515462811024309,0.0084618216848165,0.4622207619707454,0.1779492002276415,0.0716637643019535,0.0489754510271306,0.123406211759003,0.2080668296914243,0.0476815162393128,0.0693593721576602,0.0791308805622602,0.0819485961675943,0.1769212940100123,0.0451713678844402,0.0314121912953556,0.0467365477092069,0.0661914875254827,0.0798880554777045,0.1685896815240893,0.0544105764175763,0.0445212933327865,0.1885044068498191,0.1159274233151689,0.1354600823746673,0.0924086431342717,0.0638296293579499,0.0028907606529823,0.1384054372933915,0.1394541420134693,0.1016549615384803,0.2787370085233659,0.2327877421247066,0.1188380945463205,0.1800428128199839,0.261159757477149,0.0602894485711727,0.1219430014009829,0.2143669623919674,0.2799568582713176,0.1172347745257147,0.069279790556571,0.1699894240983549,0.2452351600317811,0.0105326099130142,0.0553941630000808,0.1021788603343121,0.4724272430390601,0.1407951041815411,0.1358267622574421,0.0064937671210185,0.2465923124259175,0.1203391917961188,0.1472398127731772,0.1296703702143669,0.0973126205747492,0.005600948436623,0.1329783405155085,0.0644920040521316,0.0493804292674416,0.1946438246970885,0.0062466033239386,0.1245400206411526,0.2023532655145316,0.114360418083007,0.090343062789663,0.0575391547556599,0.0718536279751074,0.0597208169966641,0.162482818869399,0.0088397918082324,0.0993294521427776,0.0982049455297103,0.1391844464645959,0.0485328294598541,0.0086542289566377,0.1163798656066841,0.0428656549912163,0.0103065787286145,0.1106637852963238,0.020272750930965,0.0081635667793884,0.1119408457128812,0.0452715455247609,0.2195265966447718,0.3208001614717579,0.1473133581184015,0.1972571626706785,0.1875540198912585,0.0165700188931184,0.0445884686250448,0.0620993888247118,0.1597775968639941,0.5054582564299536,0.0425250657791239,0.0522574764253834,0.0877173147996554,-0.0003128248561046
