Date,A,AAPL,ABT,ADP,ADSK,AIG,ALL,AMP,AMZN,BA,BEN,BK,BMY,CAH,CAT,CI,CINF,CL,CMA,CMCSA,CMI,CNP,COF,COST,CPB,CSCO,CSX,CTAS,CVS,D,DE,DHR,DIS,DRI,DTE,DUK,DVN,EA,EBAY,ECL,ED,EIX,EL,EMN,EMR,FCX,FISV,FITB,GD,GILD,GOOGL,GPS,GWW,HAL,HAS,HD,HOG,HPQ,HSY,HUM,IP,IPG,JCI,K,KIM,KLAC,KO,KR,LEG,LH,LNC,MAR,MCD,MCO,MDT,MMM,MO,MS,MSFT,MU,NEE,NKE,NTRS,NUE,NVDA,NWL,OMC,OXY,PCAR,PEG,PEP,PFG,PG,PGR,PH,PHM,PNC,PPG,PPL,PRU,SEE,SPG,STT,SYK,TAP,TGT,TSN,TXN,UNH,UPS,VNO,VRSN,VZ,WHR,WMT,WY,XEL,XRX,ZION
2009-09-30,0.3702607265872071,0.3013409409097223,0.06100446225958267,0.11844166985327731,0.253951517970179,0.9012923578644614,0.26359979508511544,0.506545612362481,0.1159455231512243,0.28635243952928224,0.3970284978081746,-0.007623829150923078,0.14146559268295533,0.22948830712774781,0.5730954479682171,0.16604411026817156,0.180957951492275,0.08478305254607998,0.40537547699375787,0.1731011485100311,0.2776274597993418,0.13912847245327464,0.6355406275579232,0.23609001503487792,0.11827193985069484,0.2621982494889741,0.21498693957427095,0.3270580037556958,0.12402438743838551,0.045665170474201044,0.08123285701177507,0.09085776175482763,0.1770253559050401,0.042979859496157014,0.1143506620949215,0.09567735238534114,0.23844158931040305,-0.12292820429145435,0.3777000893113345,0.18944037766509214,0.11018418001716568,0.07716807508864276,0.13498611444477882,0.42468822968462483,0.24849080449766814,0.3691878410846714,0.054473894735050044,0.42824960435545556,0.16627515140942184,-0.00725864195369097,0.17614280157692574,0.31212462730816615,0.09701551540120468,0.3150493079861454,0.15357807664232337,0.1367535904513042,0.4247449846069278,0.22359809190048696,0.0876772059445925,0.15622979782606783,0.4710911362052841,0.489108235965908,0.3362933070399976,0.06562801095513504,0.30530547732268065,0.4270896981787051,0.12812795316101178,-0.05990663579974509,0.2914847530476796,-0.030830779332264302,0.5064624841097862,0.2551139175516923,0.0014546486305446749,-0.22023094203752058,0.06126708194085562,0.23692059923213038,0.10694914252396082,0.08510669312326069,0.08812020372047025,0.6205531937447082,-0.020655225673622657,0.25540450901328726,0.08867896413362808,0.06603325181924169,0.331266678380401,0.5126382358152404,0.1744750653955649,0.1967383088678054,0.16567269986749555,-0.026040983492110037,0.0759294378792652,0.45382067104641455,0.1425236615708445,0.09728658464632689,0.212971882434432,0.24462027387426977,0.25545033263075756,0.33838824007249113,-0.06867594263052279,0.3409459541365152,0.07101016168574104,0.36232448818554874,0.11461760270024035,0.14318036311844518,0.15600032897865046,0.18754875364455437,0.004919345103491013,0.11728739762010054,0.0024019912696642276,0.13933975902625284,0.4473626173207834,0.2791576378186824,0.0005595757535414858,0.6550470775431614,0.01897787395033612,0.20613318635860023,0.05801892416601362,0.20016596506726803,0.5554091303679694
2009-12-31,0.11642108957077846,0.13693024321757652,0.10016971540682351,0.09824682250297267,0.06764708663706687,-0.3203353152387939,-0.01212676203136076,0.07371945174064787,0.44087393173874156,0.008436205284491294,0.08192107216617073,-0.032046793473376356,0.1352797636552665,0.20946130774745053,0.11830982213507024,0.25560711212047593,0.025292009993952647,0.08299117703179104,-0.0015931071210023573,0.003291807685599668,0.027137642048903787,0.18489770105533299,0.07444430928974333,0.05269226285920925,0.05256437964281635,0.016992009686638943,0.16371949181039525,-0.13988796827017114,-0.0969611127037534,0.14164123191822098,0.2665923175721838,0.11764272850736468,0.1879795134418234,0.03527913076200373,0.2556565759748306,0.10972250109380988,0.09437284666440449,-0.06824135439451406,-0.002966125991759827,-0.03239844505561873,0.12531019943450183,0.04493807768963021,0.3193087124678209,0.13356047713858255,0.07144926259222273,0.17023737556268626,0.0058091032129643505,-0.03654605056301441,0.06138168213345074,-0.0694627276576596,0.2503377417164703,-0.017266816507825022,0.08889051215768107,0.11292490534359234,0.16389876316573515,0.09496508390220382,0.09972683907372715,0.09282899350835727,-0.07156002662780625,0.1766757283407856,0.20588602699431124,-0.01861689074485451,0.04088593386065775,0.08834731687266917,0.05455498675549064,0.012882182245176121,0.06899481576521493,-0.0013128313983925555,0.06552394264471517,0.1391173069660967,-0.039391349567283185,-0.009360378493927124,0.10351198383332338,0.3154351834578555,0.20191712725146704,0.12748887867851577,0.12089887054984771,-0.040043559346369606,0.19030821181081126,0.28780516281543456,-0.034858413545486466,0.025410966926422196,-0.09375845049175291,9.471189331478058e-06,0.24284760677730333,-0.040079009743585914,0.06411757631285675,0.04202265118091919,-0.035999980101870555,0.06862480828267303,0.04383526985502506,-0.10560192153653691,0.05477267027926058,0.08504232617814389,0.0439339099363536,-0.09008187754008501,0.08881878211107797,0.01492841279147461,0.07661463292902404,0.01154333769034488,0.1195727419376249,0.15852582731434461,-0.17205498126933838,0.1142677361462987,-0.06744105742771556,0.03982826265433537,-0.025364713654111637,0.10561668894145226,0.21725243367093605,0.023871800317428526,0.09683018025402923,0.02321646545837397,0.11199017672451395,0.15954313489508998,0.0943067201099419,0.1786841092896605,0.11546429602880237,0.09859379911088872,-0.2855157091258129
2010-03-31,0.10685544995210416,0.11517097542883215,-0.01713794951919978,0.04668289851210394,0.15623767560781077,0.13875922293017395,0.08235813085025989,0.17373055219847466,0.009292298774856045,0.3505578459049321,0.054772985897973525,0.1073887043716979,0.07010839388470136,0.12300436900489475,0.11034957728918049,0.03833560514377354,0.11676274105369555,0.043654837187513174,0.28820394566503293,0.12317319054486142,0.35500230354098306,0.003816072683455518,0.0816038451373069,0.012227271688918462,0.05399340123768748,0.08730204409009201,0.05508851990662311,0.09911496223529959,0.13800124429976357,0.06887981936129584,0.10438481129899668,0.063181413871924,0.08248066116851716,0.27920809828800874,0.035144122668375744,-0.03776858266730454,-0.12144511006174108,0.05126751257040185,0.14619648093122684,-0.010538504336027432,-0.0058890602195607045,-0.008357361089780801,0.3413978180223811,0.06471257540419062,0.19039514395735502,0.04232287273578317,0.047029678234846495,0.391823871686096,0.1386172721005261,0.050843850105930954,-0.08526080063572494,0.10759643522855367,0.12164194479805635,0.004342250683720517,0.20163052716822882,0.12653498573281063,0.11842239924433762,0.0334178956097424,0.20585440146558076,0.06561902241458428,-0.08000489765021379,0.12737152552196052,0.07792420459884375,0.011574313575783979,0.16759720677962497,-0.14018620159433193,-0.02719008543051904,0.05975248205365635,0.07373881892237244,0.011624883176885481,0.23438345086049606,0.15840573279057724,0.0776279634267194,0.11437004320066801,0.028581300508182306,0.017525075040266236,0.0632122460740181,-0.008659245906235569,-0.03454836451278853,-0.01799266370178121,-0.0751243418747124,0.11691463471454666,0.05998702632413799,-0.01949487988158005,-0.06852275040914801,0.016364755237823658,-0.0033917093064811388,0.04341539854971699,0.19790761992483152,-0.10231185765526929,0.09588808525063963,0.21505833907858074,0.051035414964978765,0.07135726753247007,0.20693974908122126,0.12500015005784593,0.1328941855616561,0.1270945591957131,-0.13188610764366027,0.21583608235806095,-0.030080477584726095,0.06043265680005194,0.03697213113512787,0.13895548724668827,-0.06314203257414874,0.09115431505643445,0.5644707011856902,-0.056200154852604434,0.07185049811257649,0.13203537342031635,0.09330377655144506,0.07343239086622688,-0.050155930895835255,0.08733999018676664,0.04608785253069514,0.05063784529870574,0.010572727985943553,0.15761358302704753,0.7032067520316552
2010-06-30,-0.173306481042393,0.07034044350220436,-0.10451609267393913,-0.08711516940366482,-0.17086448923792463,0.008787309838928614,-0.10484173712775358,-0.20034910232515157,-0.19525669061166373,-0.13077846042006558,-0.220929938795149,-0.19811524923450796,-0.05394698485866156,-0.06187002559987176,-0.038270646137868014,-0.1509023888798786,-0.09248264206051149,-0.07042080341569246,-0.03052369507071251,-0.07286549310984436,0.053968793791982606,-0.07078756994476687,-0.025675176101427333,-0.0785739357686227,0.01357820051867864,-0.18132920509289985,-0.020293031006467843,-0.14697526808284755,-0.19612897103882398,-0.04651836607006499,-0.05884586886028509,-0.07048598144479101,-0.09767972959597093,-0.12290553722824415,0.03400626269224993,-0.005518551492624146,-0.052242370503860935,-0.2282957718723767,-0.2728957090918165,0.02526298462822507,-0.019169274823098603,-0.06266525351099606,-0.14089719795709987,-0.15566951740496515,-0.12623594824952322,-0.2909352966344425,-0.10047278650042024,-0.09297958635751336,-0.23188414039018446,-0.24609643428548578,-0.2154217774549927,-0.15436149720779613,-0.0755922749142357,-0.18235399182544443,0.08058963668463015,-0.12621270919715222,-0.20542106509819602,-0.18431821865936027,0.12733392936654697,-0.02351945238970976,-0.07582095938026001,-0.14302899464736396,-0.07426273814528028,-0.05186116223659565,-0.13109050734651873,-0.09452109215011317,-0.08101818934110927,-0.08703722943799741,-0.06239085699294111,-0.004755023440707329,-0.20854917984782873,-0.04901787706573757,-0.004444726451763414,-0.3271434313494539,-0.1908869068361826,-0.048861004826183496,-0.006275299409125301,-0.2062534869907997,-0.21086291424492531,-0.18129213841421632,0.0193106472250395,-0.07753999783392485,-0.1499966578785411,-0.14901349621134152,-0.4132181446794544,-0.03383571103155747,-0.1114456623334178,-0.08298878527274822,-0.0781831110082718,0.07331794356652854,-0.07164838224070125,-0.1975351319542895,-0.04470340747024526,-0.019381757216288542,-0.1399687277723365,-0.2640002072071216,-0.052122648412421646,-0.06884753036875191,-0.08711769233255906,-0.11305778633359687,-0.05894457542698173,-0.031129716090918857,-0.25056355625655036,-0.12250395913482093,0.014100795166546387,-0.06236526899465655,-0.14207413827572368,-0.04430985764420414,-0.1262504683776955,-0.11062602589134085,-0.0286754864807085,0.020368872947110095,-0.08274742670046575,0.010692542253464277,-0.13040924695895417,-0.22166646611432195,-0.016248117261951744,-0.17130738521311184,-0.012007717409726504
2010-09-30,0.17376027567251406,0.1280963008536109,0.12708670977084702,0.052986785405407355,0.3123973116720338,0.13530729773661343,0.10622661075397422,0.31552217898013035,0.4374886366026778,0.06684196038996659,0.24282810205074745,0.06197774665894529,0.09960733683012957,-0.011150957707635856,0.3185281153149162,0.15196394343178987,0.12949884395206546,-0.01785447211009783,0.010064605910356406,0.04647880891902245,0.39524081115988374,0.21054391838024755,-0.017409861279507166,0.180460167467559,0.005484435241233765,0.027686668269056858,0.12019631741619152,0.14935359126189485,0.0764696645780889,0.13874473664919718,0.25846966938047755,0.09455253554142362,0.0507934587963117,0.11060765037675035,0.018855848357078875,0.1224201005235348,0.06543144752668484,0.14236117092003941,0.24426289497667808,0.1333175260015309,0.13297077122811163,0.09413794666470743,0.13457740460290224,0.3962497772570368,0.21331950725504867,0.4509917279729987,0.17871221801755222,-0.020332471299452926,0.07257502352426459,0.03879829779874111,0.18168338832897835,-0.03729995163637234,0.20331587822709163,0.35120422385085504,0.08952654078861588,0.13820378497419328,0.2838363075030004,-0.02592185336964048,-0.0003934392523977648,0.100065749219159,-0.033361386281053784,0.40673194221260345,0.0485369986495634,0.012294732563222999,0.17113129272653338,0.27432749060408357,0.17644326116351516,0.10481894025920013,0.14910117690806324,0.04087588288798205,-0.014814922495586691,0.1981445845873171,0.1396387931745564,0.2599646786847969,-0.06837525916731835,0.10462994162152572,0.218017475383105,0.06530781076947756,0.06999736055061123,-0.15076558772614101,0.12583240365077497,0.19083784022744865,0.03907430703429826,0.007569930312329776,0.14397652782511816,0.22055521658906962,0.1569205882136011,0.01997579035111019,0.21024240305939723,0.06697101410765005,0.09828760704708639,0.10580171673202221,0.007658242384388059,0.11485055632643237,0.2684520577721481,0.05797149968110227,-0.07975240958594398,0.21460831409271064,0.10543183394418731,0.009690773514355433,0.1472304754362479,0.15622305999280983,0.11383559422357492,0.0028612812511348285,0.12185221486572795,0.09220287562857843,-0.020215077273007753,0.171302848104967,0.24082686357972038,0.180773185721802,0.18149804521839297,0.19548035829283994,0.2626628374995803,-0.07281151616591808,0.11987472325241,0.21534261418815137,0.12682755139178492,0.2926067538148722,-0.009287790056260126
2010-12-31,0.24153456563395959,0.1367751830186028,-0.07528278548044964,0.10970766455266823,0.1948702403313023,0.47365765690426387,0.017287221615861492,0.22013860443974442,0.14605880708133223,-0.013297885976175428,0.042679578837165,0.15993066731986993,-0.023238967223470852,0.1653683548139373,0.19694815380415265,0.024594728196897897,0.1135866612095735,0.052897599119961614,0.13979441717512398,0.22166787003031097,0.21798811121119743,0.011893869102604482,0.07744986335886894,0.12332497681082821,-0.012287175270964235,-0.0762559426631998,0.17285827576922363,0.03289330390174827,0.10805334391558574,-0.010868354591376472,0.1951762113180151,0.16202876654429654,0.14562785008259582,0.09350459783892506,-0.000993924854680972,0.019195159895605274,0.21534995852532135,-0.004255627233010317,0.1405739308110645,-0.0028003104141250956,0.04044277577775901,0.1316595806594978,0.2890920219729334,0.14275733106660327,0.09227118871456241,0.42351024633662004,0.08807138062697972,0.22109449956357086,0.1372894444340227,0.017691673556131438,0.1296714729297177,0.19435902143314054,0.1645626805086262,0.2375975358199689,0.06578892190044128,0.11526847501666682,0.22262950884043575,0.002595302962663082,-0.0023831488396220957,0.0895702224041699,0.258381216099536,0.05882386522379268,0.13442247386540518,0.01963057899748022,0.1695186317551023,0.10416999441941566,0.1316559392013501,0.03711091423824331,0.01232318673095234,0.12099958004960909,0.16309680769753765,0.16203404148215017,0.03826094473920216,0.06657517324249396,0.11191046424843076,0.001513389751059746,0.04063409694187059,0.10479544409390495,0.14665129685078604,0.1123441641952092,-0.03486110048920865,0.06966810308916194,0.15478923515564413,0.15654190181140182,0.3184927719634012,0.023754538962913463,0.1650978942926935,0.25802929549649156,0.19993142800685404,-0.02788654126000023,-0.00934914512678453,0.2814714725965397,0.08094968390494905,0.0002911502723366155,0.23619054597767764,-0.141552655337853,0.17192565493993262,0.1628352250514633,-0.020078669611012012,0.10698130395989014,0.138483030265667,0.08130998461782868,0.23074764729988861,0.07651161684595542,0.06893128103462898,0.130440876877997,0.07756995157573754,0.20280551894285037,0.031871721911233,0.09578394919659483,-0.01862258119940674,0.12009434816823594,0.11407732727169617,0.10360448688801926,0.013233282421720949,0.20481297192659076,0.036284606284332055,0.11719226570982877,0.1348788013507749
2011-03-31,0.08085940434627914,0.08044984185960335,0.03329807436615795,0.11658671894967254,0.15471203480042384,-0.2647698510382124,0.0034483574683064067,0.06452423752418479,0.0007222493489582593,0.13943496738507566,0.12706472529121604,-0.008111937260491975,0.023279226039028433,0.0786671063942399,0.19446570416641684,0.20896867477073844,0.04756495079075718,0.011640557710411281,-0.12844134710162924,0.13005670941005976,-0.0012136473243411494,0.13087820037772402,0.22204932318392578,0.018161973869942782,-0.047194177845996665,-0.149279745136757,0.22096706476744554,0.08297590256894694,-0.009418524949297624,0.05779203377095454,0.17103890173482883,0.10070506076399788,0.14876003850535913,0.06530955404777705,0.09315927707631544,0.03305055849539196,0.17107252693102426,0.19230788720201764,0.1153430790836023,0.01552627040112875,0.035601868261141645,-0.043603824703453475,0.19405193582657576,0.18724029526609898,0.027821297043336246,-0.07104707007386346,0.0710382470945341,-0.04972173053018314,0.08531533585571638,0.17190943573001416,-0.012138595072177183,0.02813140927650193,0.0008817481355500867,0.22301182164812539,-0.0016572967489838497,0.06426084643663788,0.2284372101262342,-0.024971870822800724,0.16049052497142546,0.2776760607371729,0.11506212892969536,0.1890697934408081,0.08545438696131558,0.06489611744641444,0.01662974555792962,0.2309406575718238,0.015980272857622824,0.07702541258389761,0.08901002038258499,0.047884487778371954,0.08200785464069216,-0.14154066176746505,-0.0006232312849733246,0.28251376552013263,0.0674063908853808,0.08994567975653966,0.07317557073731273,0.0057759986603287405,-0.0849131998926016,0.43017447766068684,0.0710862992639738,-0.11066942556297521,-0.07903794104977668,0.05851524959868826,0.1987013970245195,0.05495170860616083,0.07659575632300775,0.06989144375349166,-0.08476850215448994,0.0014841826308469308,-0.006538269847982003,-0.013820715922065574,-0.035338670282521134,0.08520333974035954,0.10094434864467772,-0.015957575721514683,0.03906854756920919,0.1396028772045499,-0.025637556817589058,0.04888412499250738,0.052640904541531475,0.08526407279316373,-0.02623658359580039,0.13558313624470286,-0.059934311120019346,-0.16446140654244112,0.11684449923695372,0.06742776397804073,0.2553334931706286,0.03116318941579843,0.058421852865573776,0.10835632579694399,0.09127535232921402,-0.033974027027131815,-0.028095312563629626,0.3077147560697735,0.025388408883449287,-0.07176943848478612,-0.04790116898418528
2011-06-30,0.14135779393484604,-0.03684233801973247,0.0829697415298214,0.03372322246748238,-0.12491503196527731,-0.165623247330549,-0.032833399225063564,-0.052131946924365735,0.1352355993223211,0.005281122480832012,0.0517485588914357,-0.13838046840330243,0.10851541363102735,0.10960252806148763,-0.03993457509829412,0.16147227643810624,-0.09759600381076361,0.09012240829194984,-0.05575611043733719,0.029696669689536437,-0.05358314948623766,0.11347349336277057,-0.004682273065755527,0.11126339215794623,0.05257622387279426,-0.08979598206795913,0.005485024931347615,0.09081882710677314,0.09885005089638321,0.09109322302522704,-0.1446886406567982,0.021386894613034002,-0.09398909916665821,0.01955985921816139,0.03395285518818092,0.050680266643004845,-0.13938297600272798,0.2083974326725908,0.03962616616898451,0.10861724030072684,0.06145234623176932,0.06781651905725994,0.09163525053289256,0.032555263699810766,-0.03127372620095492,-0.03389102561354007,-0.0014349513845064443,-0.07761740245829052,-0.014191200397808412,-0.024958860172284103,-0.1369896484104426,-0.1972273557014529,0.12098237338689066,0.025095236615147343,-0.05599822731254345,-0.015319395936997937,-0.032491544385411464,-0.10851022648549946,0.052466003708985465,0.15512724595855998,-0.0038221982686793554,-0.0003069147376872916,0.10972984129058805,0.03218640198357203,0.026431738177619346,-0.13969271149278684,0.021663135321574156,0.039067050974904705,0.006778537696378484,0.05058076203670536,-0.05004725771707774,0.00025910009048790705,0.11642380006885067,0.1350653476309509,-0.015193354667963122,0.020418148805395164,0.02907615810664188,-0.156127631952794,0.030737523896350982,-0.3478640282418999,0.05244150469962494,0.19314188540438315,-0.08893120439769453,-0.09599062488424381,-0.13651120713443188,-0.171327166547805,-0.013019966106256775,0.00022831737117456896,-0.021953052508892346,0.04695177315501842,0.10143978653872865,-0.0526317050784012,0.04053871237640583,0.011831623872506691,-0.04822408625131869,0.03513528839163582,-0.04833320745415026,-0.04036237876924986,0.11411262617736084,0.03264048243890283,-0.10311169428172784,0.09211040165643225,0.0074583933107255085,-0.031695476991354,-0.03917983155859939,-0.057413808538158695,0.014179493754336914,-0.04660529064396668,0.14492859926053736,-0.011819042766255894,0.07270145207077428,0.0,-0.02154971121146476,-0.04164835601632011,0.027696868584635492,-0.1054393676543347,0.028027142715828512,-0.01827561810784062,0.04163505268886447
2011-09-30,-0.3885737584478538,0.13599659330284997,-0.019292895629946294,-0.09821152114077347,-0.28005176129323384,-0.25136416057049593,-0.21731945680523546,-0.31452374331551725,0.05741111157229639,-0.17597148021611542,-0.2697419488022351,-0.27070749589440724,0.08356374575114756,-0.07341773874674906,-0.30347619268520865,-0.18452248749731615,-0.08441127095813794,0.021184321217606605,-0.33261098780531717,-0.17072973055560126,-0.20748950455835424,0.024557999182036605,-0.2320766050230556,0.01416490430932349,-0.05517577183144673,-0.003275804569665919,-0.28394234916818206,-0.14804733656568225,-0.10315349603458679,0.062460549721696124,-0.21221009813143155,-0.20808257934133112,-0.2274589647757157,-0.13388197890629083,-0.00823996568289076,0.07667457211865791,-0.2946559122700734,-0.13347467920316525,-0.0861481500295741,-0.1298960175162327,0.08309395296856437,-0.0044688993915139585,-0.16493966734150944,-0.3237159745448257,-0.259891716207027,-0.4217121867309509,-0.18936612498940952,-0.20173192187055655,-0.23658067877227218,-0.06302831002894416,0.017101861227665882,-0.09712566392669486,-0.02222954060960136,-0.40030789264430644,-0.25205737544983886,-0.08576634940810868,-0.1591649662703012,-0.3799563895883653,0.04847126599371676,-0.09411861604560634,-0.21174471507257764,-0.4194104203804113,-0.17115818900485635,-0.030808317174564448,-0.18580695765967392,-0.04489431363048679,0.010860545354249851,-0.11025612198032964,-0.17711679332335684,-0.1832833458941301,-0.45043362728093383,-0.22978726650265335,0.0485536599322669,-0.20243090820013965,-0.13173725035504436,-0.23801790749013618,0.031074401013781783,-0.41161299977526067,-0.03665015870589561,-0.3262032662810951,-0.05039233855461123,-0.04626559590769652,-0.23293908679918074,-0.22399012677642227,-0.21518189208446903,-0.24328434482426708,-0.23013391435316077,-0.3089212611872534,-0.3348870183194228,0.03313953006117587,-0.11404162584091715,-0.25476635837993233,0.002007094953436539,-0.16931703012086385,-0.2926659105223116,-0.48433432669023235,-0.18667169359658609,-0.21598216926220337,0.03819029124422024,-0.26309155215744917,-0.29297415195317433,-0.047100810277198146,-0.28275278419124505,-0.19401626489808532,-0.10797301315220598,0.051924008699010704,-0.10403063638932886,-0.18475552238894943,-0.1027549824924866,-0.12712694932613655,-0.19228499608732919,-0.1449491514293486,0.001371213546173422,-0.3808348934568071,-0.016269371895812235,-0.2825014007801365,0.026645956862419107,-0.32662676833364934,-0.4131873195291683
2011-12-31,0.11776026640094228,0.06210020408922756,0.1096377978904357,0.15423755846638376,0.0913997453940174,0.056947820766835466,0.16694937584147862,0.26779264554396365,-0.19946352895764274,0.21992577948060532,0.02909850592715646,0.07768998559159335,0.13444638316956437,-0.02519705681029305,0.2337688231355688,0.0014306500331873195,0.17261772264185105,0.04847316425520365,0.1275746723256943,0.14494941684357654,0.08229991980554252,0.034297966515677736,0.068390567210463,0.01739069425281259,0.045105518307792636,0.17107731741512633,0.13482177484254643,0.25989040077031644,0.2183850403060954,0.055734279492752226,0.20421900982467944,0.12219061197803849,0.2642478398544079,0.076900435702705,0.12354488013870069,0.11401777901210264,0.12129413187771232,0.0073350237899807436,0.0284843030847739,0.1868181499017858,0.09891965801660874,0.09091893737756918,0.29090226206731584,0.14798612291323443,0.13674924964753132,0.21679113853163368,0.1569824925909442,0.2673579501936849,0.1770270298623382,0.054896938034460385,0.2540773275284167,0.15671387961077188,0.2563450600702777,0.13376785320814366,-0.014457159384841267,0.2890001682595511,0.13605808829037924,0.15239449562594265,0.049309669758230035,0.20795391118691975,0.28481437167702794,0.3606766193317388,0.1526430233468603,-0.04077394754683117,0.10632673874187759,0.2697449891954271,0.043195790882375684,0.10851819056473899,0.17855983416141052,0.08753945582310707,0.2465481556644371,0.1402487914492596,0.1510437527929711,0.11055601801373105,0.15948851647962559,0.14650361006320733,0.12109539556067594,0.12328602668955813,0.050842912777504745,0.24801593658931043,0.1384369310953466,0.13123682255962565,0.14180195419290365,0.2620054783365935,0.1079134377978912,0.3682541800744781,0.21746061797637628,0.3167230027218144,0.134078399693067,-0.00028571735258176023,0.0806321446556919,0.1163938043223407,0.06448055972364775,0.0985361799548723,0.2132356776064197,0.5974686396345177,0.20496460364879443,0.18919851153089762,0.04309372475027695,0.10119353879674775,0.03861439385180665,0.18266078552154386,0.25904395874246355,0.05925346672339127,0.108552668140381,0.05039073537736494,0.19136777365620006,0.09833143072659367,0.10259889020963908,0.1674711879140931,0.038572829429802,0.24851452144950503,0.10540141802416492,-0.04031120590050086,0.1586400137923647,0.21118696416091387,0.1301903819418333,0.14808764807161934,0.15694484012715715
2012-03-31,0.2771351697280764,0.4803706745209184,0.0993925503980948,0.02939417809278666,0.39531816027954325,0.3288790794747243,0.20948748788573002,0.15678386213957873,0.1699017952327302,0.019873039221979694,0.29395652045311316,0.21966237681002787,-0.03288976622204676,0.06685708937127433,0.18097282378147095,0.17369621289175585,0.14595565416874368,0.06520644155087552,0.2583949674146129,0.26571084301079706,0.36821946679150575,-0.007737217099325511,0.31943729295537704,0.09287622678643848,0.018351307737983547,0.17369527953673658,0.027535331251949735,0.12381483283532102,0.10274795505745482,-0.025187021345884908,0.05176681305994246,0.19101494854282053,0.1674666361267163,0.13314490650914035,0.021521840963223626,-0.033764899588010544,0.1503314218211964,-0.19951450915969005,0.21661726688569471,0.0711992340285863,-0.04846196672838443,0.03457669874020697,0.10292025946802497,0.33003841183321225,0.1287293490253436,0.040382783846203196,0.18130741244234194,0.11090735269630181,0.11227011841076662,0.19374548300778005,-0.007214775297173959,0.4091641837502209,0.15131698035222785,-0.03584263675989219,0.16139624672118202,0.20408554045231786,0.2669748641368406,-0.07030826970022597,-0.001027881452110857,0.0585914505650198,0.1956844942369491,0.17887224069523544,0.20887642454682198,0.06920135462226651,0.18596041176413625,0.13593533899659516,0.0654850604167998,0.005305367874915312,0.011109345144076688,0.06479001206197044,0.36276045239325394,0.30135745047575835,-0.015358969155299551,0.25519480410565354,0.03105057953937429,0.0988889682184948,0.05536199076725845,0.3016595478448916,0.2508619742612117,0.28775843380278765,0.013338158646837739,0.1290127519653741,0.2041720122256887,0.09460982324133727,0.11111097782377866,0.10760757122959808,0.14309603581275154,0.021790103826964557,0.255002334936129,-0.06182843452239051,0.008200093377457529,0.20772592051806726,0.015541564851083933,0.21194883852677848,0.11380295501256521,0.40253548226697355,0.1246441866775092,0.15471402962622127,-0.02703024281654265,0.26476431346717466,0.1293852255733281,0.13773088712318837,0.13474153284573487,0.12038573641863737,0.04689850088867886,0.14418838079825913,-0.07024704438276919,0.16068327566983442,0.16639372802591557,0.11113733510140511,0.10479036725920032,0.07362814007670404,-0.0347143488726237,0.6305154524308434,0.03095045203230784,0.1823911709726742,-0.03274229865314204,0.020317243319352807,0.31884545827029265
2012-06-30,-0.11605699019683735,-0.025936006161231817,0.060880685454633765,0.016264377653758988,-0.17320411316670892,0.0408693246308518,0.07280832979829754,-0.07930530115967716,0.12759862248190612,0.004923049809321123,-0.10279632431884078,-0.08531618189091794,0.0759800290983772,-0.020012822655776308,-0.19950086490978847,-0.10659906881760672,0.11543060736112087,0.07140057162435598,-0.0461005633473458,0.076783904768283,-0.1895374986167081,0.05879423445716414,-0.018418456087103907,0.04971721668458029,-0.005393779198474058,-0.18510289216463593,0.045885090216588154,-0.01303711994365675,0.04699443037701023,0.0651947149410248,0.0057165436221346955,-0.06953774277736058,0.10781205263986626,-0.0017937295248137142,0.08879332805035678,0.11037695801652236,-0.18177381342085952,-0.25106117981704,0.13848246502035555,0.11366858533898627,0.07541074621396393,0.09463399435690811,-0.12625137661146146,-0.02015732081283561,-0.0999977747979226,-0.09664491799315722,0.040784001382724755,-0.04029760359411261,-0.09447056783306962,0.04952935508844991,-0.09539330348684705,0.056654545686627644,-0.10618114423654146,-0.1420452854340386,-0.06842381290523203,0.05948420527222331,-0.0652065899438864,-0.15108285760083084,0.1810753428651295,-0.15984304236667457,-0.1690467039747433,-0.04354079675907341,-0.05494788137015105,-0.07227666255646814,-0.002097646339391135,-0.08862593465593549,0.06369264085922377,-0.038129629794144804,-0.06922170218504953,0.011688926905851327,-0.16779566622817743,0.03912746647963328,-0.09048821923868644,-0.12808402209222824,-0.00562604429016722,0.011327932170049015,0.13310593281467442,-0.2549548466040795,-0.045544714441922096,-0.22098766765309463,0.13702351683841418,-0.1878282750710173,-0.023069813949098128,-0.10866541129250173,-0.10259740838112152,0.02393511372038537,-0.034399836081794866,-0.0933067581819984,-0.15882394001638134,0.07392093341214978,0.07328723186792474,-0.10459449510214924,-0.08096877080052167,-0.10138035042380222,-0.08629310864496875,0.20903941704490703,-0.046395596752478396,0.11387218255356224,-0.0029179266836867335,-0.23599904410571282,-0.1939582563423876,0.07546934238720904,-0.01339309147696588,-0.0029031327097313042,-0.07295080652980246,0.004061378256856152,-0.0146845484656003,-0.14182154951248538,-0.0037966769378146026,-0.017019084449544475,0.005284955654748513,0.13611476997125904,0.17777746113040394,-0.19768669687176543,0.14694662308824546,0.02783239079458011,0.08337024901291556,-0.02044041546298403,-0.09457342829605042
2012-09-30,-0.017586220120206053,0.14719857273433368,0.07176407249217753,0.06102127148633363,-0.046870623768931585,0.021813450271588763,0.1354733654078235,0.09215934824600436,0.11372893480150048,-0.0576392414651935,0.12931008360224605,0.03706850060320388,-0.05225763357413282,-0.06647245696403492,0.01978249492816131,0.07204568743010897,0.00502573301925846,0.03605310933381789,0.015876930860567073,0.11792294249957869,-0.04386549235838744,0.04064460289940364,0.04391555541894876,0.057351149631724496,0.05226760058259394,0.1176129446148142,-0.06624429507298502,0.0730385166969092,0.03965145350565935,-0.00993996415636833,0.025562430122494817,0.05943355095096314,0.0779380513023058,0.11184138921858788,0.020966452227498378,-0.05283342662007817,0.046736972310699176,0.02753024661179171,0.151392564976639,-0.05135965119959329,-0.027773983555350434,-0.003972396999959993,0.13765713224696108,0.1370531209941126,0.04434478206994963,0.17281986494561674,0.025062275380782983,0.16494929654593316,0.010225157135678842,0.2934866423112006,0.3007050333320018,0.3077480258424192,0.0938117667559788,0.18994982753214185,0.13825698275893128,0.14513138850705132,-0.07007524629965334,-0.1451884677449593,-0.01063896042872925,-0.09079685269035909,0.26643953831825096,0.03069714778194088,0.0697474552514239,0.05627129214493354,0.07590254853695644,-0.02388983051532423,-0.023204468547078583,0.02030783824995419,0.19967233269038198,-0.0015117599518310598,0.11025942036708081,0.0009140340920781309,0.044527987403622404,0.21345652923544867,0.12078788947692343,0.038043354145900876,-0.021049086667699668,0.15179085366282052,-0.02068806842726767,-0.05229801063416217,0.03113597952208913,0.08518446445704897,0.015206568012557486,0.019186092181841863,-0.0347321390975861,0.05846739442207216,0.06680709273563457,0.00997952927237411,0.026172339194960648,0.0013750920244228748,0.009046744080217328,0.03498921530332466,0.142231266473412,-0.004320726129530383,0.09262803018449639,0.44859830909135967,0.03945368249858938,0.08792671813305653,0.057431710255968715,0.12554166316747395,0.011308131742543859,-0.018190055532353533,-0.05459613300328403,0.014021413658785953,0.09056449238958142,0.09702207827124565,-0.14704569158342518,-0.0333110218593522,-0.04898407369075397,-0.08447562435785105,-0.02685631084430451,0.11751202588355736,0.03697779750380503,0.3648487557000277,0.06424457302271769,0.17622372639336503,-0.015090366878907857,-0.0618334345981999,0.06439742614929767
2012-12-31,0.06736976799217653,-0.19861989702999183,-0.037658190189466145,-0.022162010142587785,0.05997001773634136,0.07654770464516392,0.019687778114901855,0.11336407790974401,-0.013565560086433726,0.08941432747179534,0.03074389655548959,0.14219365116668858,-0.02460202538710876,0.06378564063106018,0.05381721351055169,0.1333472246045686,0.044797271847908826,-0.019499784801396025,-0.017859032701873168,0.054764888607363504,0.18101684351193947,-0.08695780623829064,0.01697001332238046,0.05849752266086017,0.02664131935248748,0.04408550816233392,-0.04245742576984313,0.002557475153277977,0.002055436404859279,-0.011223815289373218,0.05349769210796862,0.014072863361634269,-0.03300331377816834,-0.18429167382317957,0.012199779370086317,-0.002979987808355511,-0.13654299325730568,0.1442080705483737,0.054372149399776415,0.11301866959322138,-0.06258095759372906,-0.003439830342291117,-0.015698008909352357,0.19930262245387165,0.10624919951716683,-0.12915018517721566,0.06754018752460511,-0.013470951847098678,0.06361764925087421,0.10734183838105138,-0.06245190938614631,-0.12598335414504214,-0.024953910563709436,0.03249134757241112,-0.040921709293601505,0.029130653350909474,0.15620011066193618,-0.1567275449047283,0.024689797025053473,-0.017935076300144015,0.10649352229629239,-0.0032972468479879335,0.0516257447812809,0.089703102796163,-0.027336140702381773,0.010000170704638212,-0.03773489901466387,0.11204870641826781,0.0983495609026801,-0.06326382257175256,0.07417771705378207,-0.04329430917759958,-0.02994996696577168,0.14320647691151733,-0.03713640200644042,0.011314543760995166,-0.04554246326472233,0.1455358975562917,-0.09511168119084812,0.06020074765396699,-0.00742776443044213,0.09204166494155697,0.08742674826566232,0.13761648762118495,-0.07503021221696837,0.1748298165956954,-0.02513229311102072,-0.1033065939543969,0.15541703910614535,-0.03760299244378873,-0.025574715597972197,0.06668334178659951,-0.013155788669681034,0.06456699791989662,0.02292230362700831,0.17161294883226308,-0.07018507106205119,0.1842680138004873,-0.0022198316185506606,0.010416806083994867,0.1413751592952226,0.04896810497166437,0.12618800885850656,-0.010360184329609168,-0.04255065965262439,-0.06234760621801294,0.22056714530508725,0.1290254408251339,-0.01721350186495929,0.03860126467931346,0.00988794602686549,-0.20271101273908354,-0.04001048821535802,0.23359621350568505,-0.07034399617934173,0.070913887509094,-0.026427712969151695,-0.0650180789336865,0.03634365109602222
2013-03-31,0.0280900795329444,-0.16335053857397686,0.12854545011814245,0.15026533640816675,0.16690245489538458,0.09971690886759887,0.22832837508337644,0.18395256332324839,0.06226333484707802,0.14651557579454066,0.20210945542451797,0.09438779066363456,0.27760566346510585,0.01731724001540802,-0.02946068317942352,0.16745895650833376,0.21635939166350426,0.13549971049974485,0.19047691329576288,0.12366137889558204,0.07336591086104582,0.25703685845187896,-0.050615638878899416,0.07761772531651512,0.30008589639582084,0.06361302306872862,0.2562683282026781,0.07897291023167918,0.1422643834412276,0.13463249332814664,0.000782961396097015,0.11226252289234329,0.14079125769787249,0.15925059425333998,0.1486989925027573,0.15043717133262136,0.08806187879488014,0.21900817931615557,0.06313750093788251,0.11852035956015161,0.1108010909326047,0.12098935103141462,0.07278814664964961,0.030972822407964617,0.06244690782291906,-0.023578930883860205,0.1117297477849366,0.08029428193280896,0.017900524791249595,0.3326074193103983,0.12272046315439233,0.14046393465674645,0.11582349785577795,0.1684843310868358,0.22395538047589003,0.13441669068424478,0.0958328956171246,0.6835649770449992,0.2183197775469723,0.01093473683857793,0.17758572808150208,0.18934283906494986,0.09929387717424976,0.1620785511653391,0.15942068308058865,0.11212943026800581,0.12366191949000571,0.28036538577007586,0.25216559365449953,0.04133009249605912,0.2645316632649588,0.13691872861740895,0.1392607081442827,0.0641780811324062,0.14480724619097018,0.152035361107989,0.1081028264605226,0.15210282529321906,0.08000302760314981,0.5741323835448293,0.13305296259307853,0.14804105975493798,0.09375437898629002,0.0778976543808656,0.05291309312870118,0.17972779553358964,0.18719841898088618,0.030976324414917267,0.12302276403620249,0.1344311205513744,0.16433993561797267,0.20168100993404647,0.14427406404009346,0.21268985805247542,0.08160216554655508,0.11453746187707514,0.14796693231189306,-0.006095937939185392,0.10657891055623647,0.11421845875895054,0.3852726165429834,0.010077571957296527,0.26245910091981894,0.19498309176437578,0.15171996495126328,0.16347486534528421,0.2822437741877404,0.15593870645637264,0.058850581085585496,0.17374496795599947,0.053524787485890624,0.2176713248162665,0.14913316370299712,0.16953748519662692,0.10380712187176755,0.13453638158057513,0.12242929185194917,0.26965102606595215,0.16823424632325246
2013-06-30,0.021668562922064094,-0.09828126258559955,-0.008716831525390933,0.06570202379249457,-0.1772121545040246,0.1514685294921594,-0.01431258737271679,0.10604969460555824,0.04202780310069931,0.19938124797814982,-0.09626893321736407,0.007570527338392807,0.09415990443851574,0.14126106802509275,-0.04541987993112728,0.16225736292668635,-0.0188837704805479,-0.023630460009900545,0.11289073629894308,-0.0008377068548066635,-0.059509045965545404,-0.011115563409066942,0.14879872077018974,0.044939943266318894,-0.012566046157005739,0.17400749880783462,-0.05284981779293263,0.03195096759010485,0.04395585708932659,-0.013396336968062417,-0.04913077441861591,0.018912508498174274,0.11179585158040406,-0.013460073977977771,-0.009685382205057214,-0.060144889335290386,-0.07679247310091741,0.2988701381342147,-0.04610850593545612,0.0653755926253321,-0.034928351750225906,-0.0359311174321717,0.029783613642123674,0.006353795575474219,-0.016973832118453935,-0.11992735006487598,-0.0051217498875042455,0.11416071317779486,0.11995243928997401,0.04760935571557301,0.1085130585554146,0.18365794188424078,0.12504259375211557,0.035509928456627815,0.02896213952063631,0.11570556815697364,0.03242845835486308,0.046383651465053743,0.02485990798355786,0.22487020269663982,-0.04271890378349941,0.1225868578528273,0.03502080588435508,0.003839877934900704,-0.034249954292255635,0.06447701244131854,-0.001304483280106128,0.046797434340723365,-0.0711812292022066,0.10975605802435062,0.12264132517029558,-0.04029214618388821,0.0008593478442562308,0.14612568403105675,0.10209365962158001,0.03446031720448506,0.02997963145784399,0.1140639847854783,0.2157354447036257,0.43587172949321484,0.05814177188402492,0.08275241926913934,0.0669382517259185,-0.053368161957418114,0.09986837166301132,0.011251164662412716,0.07431081517272764,0.14643064459071886,0.06534053450358623,-0.038381084652677755,0.04112189944297362,0.10717472555488716,0.0064320409362688125,0.005936049955510114,0.04676988178745911,-0.06274725439446238,0.10375604884018941,0.0974700078788131,-0.021339715707961004,0.24544320526062458,-0.0013501592038012156,0.002395741352617442,0.10800359336666654,-0.004518032209659628,-0.015797469312325618,0.011209750665265528,0.03673434387409147,-0.010080540599321286,0.14959830374862548,0.013812371188535177,-0.001104775204035402,-0.05521473630370766,0.03496664681815065,-0.02991077653539098,0.0014271463782540295,-0.08627324243895229,-0.03664143818776122,0.06151495869356571,0.15893661556440408
2013-09-30,0.2013178498862107,0.21024337162664875,-0.044601589194229296,0.057356020863012835,0.2130229768644334,0.0901353050328162,0.056019677800353884,0.1327309839219608,0.12585980599016966,0.15223332687881763,0.11712444936192079,0.08137425116391972,0.04372894511974157,0.11130867276597223,0.01808005256512324,0.06028429594761775,0.036351974189328784,0.04110460694936702,-0.008964634621546619,0.09054314382592521,0.23127427482926666,0.02930115692552837,0.09918917129185667,0.04431191876557539,-0.085195126224761,-0.03061625574903981,0.11671273037402363,0.12428653444517979,-0.0038429289932001565,0.11043265074483477,0.007795472597974973,0.09549981891599146,0.021219203506087636,-0.0730710065059863,-0.005629102829543986,0.00035096864309003273,0.1175267101940285,0.11135268628986639,0.07888617482651372,0.16207511769171234,-0.04462064992141501,-0.03661865672214082,0.06571708224365325,0.11700832179386356,0.1941299512487602,0.21186004489429,0.1560462054477767,0.00660438092557758,0.12530037199621225,0.22625302671721803,-0.005065997526045085,-0.031391861165893764,0.04149911488794844,0.15710264081401593,0.06052500510381065,-0.01575823048296232,0.17575291191274678,-0.14811961002785512,0.04136851624566584,0.10922916474782807,0.01738820168881383,0.18644204409285536,0.06648055116802087,-0.0786915119500764,-0.04901031057996452,0.10021343883708922,-0.048728996443358374,0.1724358032455433,-0.02052392118445523,-0.00959053600525539,0.15491254728224013,0.04628159227690909,-0.02033097889022617,0.1587773803988699,0.040179090260103356,0.09803939826349972,-0.004800681289778064,0.1051466165105237,-0.02968986240826399,0.21912074321016184,-0.008127558738474261,0.14449576017806787,-0.05549042501366641,0.1399186242610042,0.11385035419340972,0.05389208021197289,0.015256871731085475,0.0558323126362108,0.04096346832431186,0.019688775854992846,-0.02106585420853402,0.15070226883801396,-0.010830009641546345,0.07120356932879379,0.14458959600151577,-0.1250994393198661,-0.0005493699489623749,0.145379782200995,0.01623525036194229,0.07317945582023055,0.14047645417617494,-0.0543535502635244,0.012210690697083582,0.04903155489867772,0.054248077374019044,-0.06500587941596281,0.10314008396578433,0.1644341515486043,0.09773498392142121,0.06408846589117001,0.02341995331879798,0.13949842282852876,-0.06350303843546412,0.28676485768836746,-0.001085917310254536,0.013068904349971877,-0.015699730471806617,0.14085929791518037,-0.050544709990069214
2013-12-31,0.11847174076932965,0.18362963384729403,0.15976109659069393,0.12319774859143551,0.22224925753775682,0.05187981542325004,0.08389887916217531,0.2696346804284777,0.2755566048901432,0.16585070305949756,0.14443921893043288,0.16286045102205726,0.16486658607569282,0.2869198935644426,0.09647497947038053,0.1381734715745695,0.11965595609738666,0.10559072577597473,0.21387096052926458,0.1561706087025141,0.06598678128129198,-0.02485125105813779,0.11928947684979407,0.036051569845157116,0.07130795777217247,-0.0356837696521809,0.1238681021381649,0.18066186616216395,0.26595969401597186,0.04444748628520756,0.12844395402956876,0.11403811832059585,0.1993056851017636,0.18879962770141745,0.016299890758098012,0.04475552577458153,0.0750452881959014,-0.1021525713566922,-0.016666553234249704,0.058622613056119155,0.013180903444778291,0.013001443303377158,0.08044689155235929,0.04083019568086077,0.09177969404424036,0.15183547586766788,0.16872830190445698,0.17177990846293723,0.09899318284949477,0.19452873922376357,0.2794807269613704,-0.024876470780280546,-0.020648001404307337,0.05704612884743576,0.1757597676527407,0.09089722345628837,0.08116058656814529,0.34003066982149854,0.05653062674448117,0.10885992547635026,0.10310954838251218,0.03475874883855634,0.1784466340521489,0.0476504364634498,0.0001627966302200079,0.0668359865134196,0.09818867620828398,-0.01620640750094715,0.03669501174001577,-0.07837387102946436,0.23282974186399974,0.17758503040954499,0.016911223460180258,0.11946889192340282,0.08872796300452146,0.18028739002686334,0.13169706616132437,0.16564837501394614,0.13262374987815373,0.24499136818456324,0.07636512206640034,0.08599162894233103,0.1441811503987105,0.09650498106321015,0.03513873760285091,0.184412944215399,0.17904166803601385,0.023689389362504976,0.08367638828793211,-0.016256141232258492,0.05039012299917767,0.15764778220415532,0.08541439491518288,0.0014689944559356238,0.1878331306232548,0.2379633143879467,0.07749709724006792,0.13907089057187583,0.0026354042952636547,0.18960093247818355,0.25742149909898937,0.03480201143435635,0.12019020752891474,0.11621895159390694,0.12683414781761848,-0.004699086731995372,0.18598524325822074,0.0978799678520954,0.05553762206309387,0.15714976540939873,0.06484551233692071,0.17469049904246514,0.06485951576571303,0.07586503612258011,0.07014692226457231,0.11058389653226519,0.022122566008425437,0.18833718912750053,0.09418508431315264
2014-03-31,-0.022206700200138152,-0.03755135651161534,0.010312817516133554,-0.03788398273387328,-0.022654995957118285,-0.01797771078775645,0.0428262471584786,-0.03862263093181362,-0.15652349172917912,-0.0754068811890577,-0.05939015966156491,0.014740833024355915,-0.02257770287518923,0.05205879019827586,0.1014138134490088,-0.042382566605226435,-0.06211753600342074,3.8067952806919436e-05,0.09381421752358765,-0.03274534545629926,0.06152835621657293,0.03243097679272555,0.01159922653060974,-0.05913366615836768,0.04454045984980515,0.007187547147770035,0.012513135072312442,0.0003358866435463348,0.05021847269974322,0.10670567967110411,-2.9513566568994953e-05,-0.02719033644736024,0.0480364706602332,-0.056528073019309955,0.12938781038029545,0.04343977483790695,0.08554206647357354,0.26460338227920355,0.006743272891408747,0.03827566730500909,-0.018034094080248475,0.2307980638180287,-0.1094156128112761,0.07261827854018787,-0.04181830577793599,-0.11609259141119954,-0.03996614125052178,0.09743551103541548,0.146618167189424,-0.056457935137618764,-0.005532208284588336,0.030291306901596204,-0.006804658808617026,0.16345549076867338,0.019044053384189796,-0.03345686584079044,-0.03388074187013845,0.1620944242738236,0.07859979011415374,0.09465366341978365,-0.057435898840354604,-0.02623163926613903,0.03714969278370961,0.03469939511908526,0.10784780368615254,0.08022319794266619,-0.05673407161972743,0.10915894348322608,0.06490691446116825,0.07486028390865629,-0.015346097476766518,0.13875146841571095,0.018913111011277017,0.014403770506490554,0.07231222376437452,-0.02637155451677964,-0.012107036833662765,-0.004406364877418634,0.10391258881771792,0.08781615088002304,0.12570084767220657,-0.05790015118110847,0.06459706925068165,-0.046244384982993436,0.12302521809781397,-0.07304240522064442,-0.018585327971665566,0.009502891163746918,0.14363160743360592,0.20266570531790395,0.013874789744753757,-0.061671576611045276,-0.002459697331291477,-0.05495107645440056,-0.06543526124867194,-0.05563426110748626,0.12772224196094228,0.02338149747365903,0.1143516447364974,-0.07629251141988014,-0.031019626957245916,0.08634273007523041,-0.048712465792945525,0.08841345413014512,0.055082388756315215,-0.036334852789402516,0.3178398715382369,0.08157835305834005,0.09277830030079426,-0.06670770367003209,0.11878862403834023,-0.09819335984860666,-0.021429436353207376,-0.04292520828667734,-0.022454283074697434,-0.06343344163481812,0.09732666863468853,-0.06611429481574427,0.03538556539173299
2014-06-30,0.03202430101894049,0.21873407564527092,0.06837009173054653,0.032387044311110946,0.1464009906112529,0.09387017838811018,0.042817033583787634,0.0959621482353834,-0.03445611561604578,0.019554913337320956,0.06978615528696408,0.06743379380512349,-0.059691184534266695,-0.01541348645743057,0.10002900363299849,0.09841147848548926,-0.0037754613298632833,0.05668764426053552,-0.02781133283227999,0.07721926542979407,0.03997785235035134,0.08904248379682245,0.07472162672142368,0.034317758825368916,0.02786925224722503,0.11785915485388943,0.06932339778726093,0.06592834042840168,0.01057266560800496,0.016249434617354064,0.0038844390113061955,0.0510595954336992,0.0708130466986201,-0.07841194620236835,0.05752359980887567,0.05315497725727214,0.19012578914150868,0.23646980206857515,-0.09377261006647808,0.03364503647960371,0.08843610306683658,0.03282850877420995,0.1132929992309668,0.017180338855755872,-0.0002912633625934413,0.1142270785884345,0.06403247761598974,-0.06445193160939022,0.07632445190108927,0.17005351262636093,0.04814730876482143,0.043241031074307434,0.010698567563346417,0.20861214834362185,-0.038784566620069905,0.029109675127671597,0.05273531056787539,0.045735326083487404,-0.06267233125364613,0.1355385447938693,0.10837513941237509,0.14396021487642385,0.08003409875203094,0.05481309722742567,0.061187051625551714,0.05818194804785559,0.10394671020578428,0.13643277120123876,0.05958039328675713,0.04266379564669065,0.018561697579434933,0.14813327065477555,0.035927645216235815,0.10897403516797954,0.04080432007743373,0.062352034080008556,0.13326370393120035,0.04061807623774771,0.024498481267699823,0.39264592987617597,0.07978300840262209,0.05327382492688559,-0.015259521683361865,-0.01830447765760823,0.03994403562202753,0.0424870920701268,-0.01206048059013154,0.08476844704946318,-0.0650450367336819,0.07967958940313391,0.07794329077380047,0.10496748788098031,-0.017147892726297242,0.04706877676025201,0.05438943799668494,0.05324117741880863,0.029574532803771092,0.08994563437836,0.08369736730643185,0.055570526313642565,0.04367006842200616,0.08586369327662702,-0.028619403908131225,0.03868766332613771,0.26717517950330993,-0.03523237728788575,-0.1454687806941034,0.01996175933929134,0.0017583072059943472,0.061188763329830254,0.09046053387042319,-0.09460208659907676,0.04004414471587592,-0.06388057590790086,-0.01171253585511789,0.1356844164251758,0.0719985508243619,0.10639562566958838,-0.04739468598565588
2014-09-30,-0.005701348314875676,0.08954178005759439,0.02232432850228827,0.05398172938253132,-0.02270313177979033,-0.00801878341391371,0.04988180492502359,0.03326878316065174,-0.007204912711699096,0.007242207026965319,-0.05375821558720162,0.037787635479807014,0.06292829540231537,0.09774075440901875,-0.08294671508516716,-0.013917399242440176,-0.011554687507169703,-0.03844508207801356,-0.002044357398394814,0.00603626706629945,-0.1399522378031649,-0.03245362418333331,-0.008085895776107188,0.09152405915217576,-0.060891341024706724,0.02838755036370033,0.04599985534067219,0.11095363788072254,0.0597737442939954,-0.025555643005360507,-0.08795040339405835,-0.033681304889667474,0.03837171965277264,0.12559348812929438,-0.014189627214321598,0.019168774387757104,-0.13838707005002926,-0.0072480629499298566,0.1312423488505463,0.03382397926537983,-0.007717832631566335,-0.031549799058437134,0.008806501898937391,-0.07006058244840563,-0.05044655286347921,-0.09821599799857861,0.07161803243833398,-0.05625465528531748,0.09626499654977883,0.2839220877169899,0.006396780326817675,0.008167501501884056,-0.005746874141433933,-0.08950931548610119,0.04562813345553729,0.13887687234550117,-0.16325730258839688,0.057649975852610114,-0.014188539001426026,0.022302625644359475,-0.03377380924700801,-0.05649922586640399,-0.018689080529426305,-0.055314049497266815,-0.03713503136240537,0.09201277686340781,0.014418565381910886,0.05546829036517131,0.027648513376407502,-0.006347653938217124,0.044767977825005856,0.09371669477212596,-0.05074076488192569,0.08134270015010503,-0.023717700771607397,-0.004993103971911328,0.10851700966675604,0.07252876101636652,0.11869416266376476,0.03975718303002407,-0.07700039560506011,0.15369886826251555,0.06454786415479963,0.10956239617763242,-0.0004524530103408031,0.11605013128332842,-0.026246530430468096,-0.05643337938270887,-0.09146146353754303,-0.07770230020406843,0.04940690033730899,0.04593237058765376,0.07404211866515431,-0.0031545339713299203,-0.08836260625799808,-0.12174431828376664,-0.033662519051613105,-0.06064719803745322,-0.0656290564634553,-0.0034893074936152013,0.024428263686398388,-0.0034344417228918678,0.0988457504083553,-0.038729267354747354,0.008811046265356337,0.09137320466400434,0.05086556359863659,0.004270505421366977,0.05953281225265572,-0.03588228039632413,-0.05686016165494456,0.129276733887711,0.03266512234591934,0.05138464400563425,0.025360062461948774,-0.028956384711929628,-0.047660465928504925,0.06858138857960494,-0.01252505937520898
2014-12-31,0.004459875811108738,0.10033389260922743,0.08822242526413326,0.14958284118342147,0.09001820392970594,0.03922478231659232,0.14943478640614427,0.07674924328895227,-0.03749533721751641,0.02636529625261086,0.02558537232198499,0.052412658438117044,0.16878102202840628,0.08212335765596035,-0.06869379321455693,0.13474471603410798,0.11120157159152111,0.06683369738068623,-0.0564920011858131,0.0786539306119114,0.09827972099117854,-0.033408308815978005,0.015126525032398641,0.13404177996216093,0.037371804251319585,0.10528406021006753,0.1348617023443388,0.13830076299109506,0.21416087470436707,0.1222588136506988,0.08625688499615625,0.12935691813740346,0.07140494033184663,0.1519856570430409,0.14488859617184868,0.1281434535882673,-0.0984469647458418,0.32041543768537717,-0.009005398570273604,-0.08690538400466807,0.17674047746765154,0.17823312106290046,0.023182338523529022,-0.057212029644953644,-0.006348943686117159,-0.2772683723887459,0.09792700944963784,0.024450740058685305,0.08844628199801186,-0.1145140351276197,-0.09814581244572462,0.015393072164322508,0.017214689967047336,-0.38759451603828177,0.007335308913674954,0.14967668158648517,0.13711449417831822,0.1359742365036174,0.095219345353446,0.10451912964012888,0.13069712296418312,0.1390690285409708,-0.011580111796293813,0.0703898847568254,0.17017011206307853,0.11723237763096672,-0.0034731457746923766,0.2387399265054726,0.22941000413232127,0.060442249924482105,0.07970796678715342,0.11920998297721752,-0.002970500194451775,0.016693654016523007,0.17609024304981014,0.1660218834388687,0.08363070300274278,0.12563604043321175,0.008260444454395444,0.021891359993248427,0.14019887133879405,0.08101436804395634,-0.004405507297537525,-0.08944930149348584,0.09132006754532052,0.11218054440698788,0.13238565959711845,-0.11862246279712396,0.217623107176397,0.12212009339431118,0.022462346889686513,-0.0037462800248129202,0.09611450191583293,0.06764210532582715,0.13525098956249315,0.21994322837481928,0.07221901710887502,0.17874882528621905,0.11810422646685281,0.03580379242544973,0.22047285309520825,0.11562066079845557,0.0704501080086477,0.1724026911692491,0.005997475655549422,0.22038670426344575,0.020752878419328047,0.1291147366690839,0.17647747753348542,0.13806074108423783,0.1853103824933926,0.034107422070861704,-0.05373656229382906,0.3358285597703874,0.1293286399471747,0.13614437036158522,0.19160660458015943,0.052307779043135216,-0.017566161487553633
2015-03-31,0.019890814947771895,0.1317365182098691,0.03454565163833467,0.033173554523009186,-0.023643056130099538,-0.019597714317569515,0.017387495249247875,-0.006291461310036106,0.19896888246885092,0.16178052628067996,-0.07044962058706328,-0.003484936848833442,0.09266510552226959,0.12244490838118804,-0.11847234716596111,0.25821045025352185,0.036955471065559964,0.007426820344369478,-0.03225694508321053,-0.01832585620475402,-0.032836387822570035,-0.11929887705867348,-0.0413658828783251,0.10684287912932655,0.0653506531055732,0.004006024632478455,-0.08170986177702277,0.04066786430378544,0.07545550960838665,-0.07027877207371658,-0.0020131298575029044,-0.00789147804231638,0.11359987582490438,0.19395589798811774,-0.05744167618463225,-0.07215655443998648,-0.010536261690816673,0.2509570884150347,0.02779732965475379,0.09743774629872504,-0.06665104399550048,-0.03953218311322515,0.09455120518962734,-0.0817831196440526,-0.07529171053291217,-0.1776269060148845,0.11878258644747786,-0.0687321459154987,-0.009275700900595485,0.041056774198959145,0.04530206239207235,0.034377085709644595,-0.07065918394234805,0.1203840394175748,0.15896326006285033,0.08787861379359696,-0.0738889486775316,-0.21976103689547444,-0.024189846351201916,0.24141240604904834,0.0431590369417294,0.07071114564504222,-0.01402709175247685,0.015476620758525739,0.06801931835905917,-0.1645436904553388,-0.031585163488002554,0.19698369515551706,0.08926453372563836,0.1685819931895962,1.9983471161388877e-05,0.03185644178301561,0.048951568414435265,0.08716296385085887,0.0844560093572928,0.010077654479062836,0.02543324835721328,-0.07749273385490707,-0.11842041006091442,-0.22507857323438385,-0.013916769489152658,0.046499756868759956,0.038265890224872035,-0.023275935869295328,0.047909722310236935,0.030643772527301216,0.012988169503286962,-0.08591206031332455,-0.06836230569735346,0.021930926613974888,0.017986169568170007,-0.0038702188516495095,-0.09405198040341367,0.03514519983752962,-0.07401952622303276,0.039776541302597224,0.027757895072662908,-0.021490510687008912,-0.06303243418128623,-0.10574544830859622,0.07675783017820059,0.08207440495390173,-0.05947173646332826,-0.018350373874561288,0.004439058604894797,0.08851233241262513,-0.042341739083534335,0.07624558587225483,0.17406014101975797,-0.12175470462783244,0.057261475604983625,0.17491230211759867,0.05184479367753658,0.04660674277264132,-0.03651556427158187,-0.06865826923141405,-0.02181580142587891,-0.06780155116097175,-0.05152230272194591
2015-06-30,-0.06915587222366193,0.012247450734832688,0.06477687479543826,-0.05761862481475977,-0.14597540326893022,0.1306770860083919,-0.08444409677249365,-0.04012523939634094,0.16659504070890008,-0.06976943006917302,-0.04176539964861381,0.04714499886578838,0.03757939752008177,-0.06914811575605195,0.06863671101832591,0.25154531188624785,-0.04964794703063469,-0.05141154287806382,0.14174842619478945,0.06935340779790922,-0.048554299764563824,-0.05593073296498108,0.12151608265271219,-0.10607578787621896,0.03058578799824585,-0.0025428104852779354,-0.009062246350426628,0.03626118606229212,0.019700099872182575,-0.04781298032884174,0.11384932027302797,0.009717245858056778,0.08818779577804614,0.03367392954117743,-0.0663924372215361,-0.07054496879044736,-0.009872249808036804,0.13056790934390072,0.04438275565798255,-0.00862568398144048,-0.04100688100629768,-0.10360196955993994,0.044921706167782904,0.1873904893008358,-0.01331142152834841,-0.014722182886582558,0.04319899545666672,0.11125685651304651,0.05440316828236824,0.19743347598513417,-0.026428692464573578,-0.1142950426260283,0.008356124125853182,-0.014552301217626407,0.190337784854399,-0.0166337908805112,-0.06719787388420895,-0.031729335354770294,-0.11472934188745376,0.07606689844987602,-0.1358757391839791,-0.12374864478679493,-0.10203934927575797,-0.04185564619591031,-0.15295007774711578,-0.027424987110062804,-0.024570487636172644,-0.05167598871733181,0.06288203348189181,-0.03862314582509918,0.034285045332447917,-0.07095863131151636,-0.01584372623018171,0.04330222337094147,-0.045057273160732936,-0.05864977159683149,-0.011750474671316069,0.09127738753260473,0.09289056225167514,-0.3055657398653442,-0.05062112093628135,0.07958647259651941,0.10311183768877785,-0.06542653275531396,-0.034730852265253964,0.057296969025397715,-0.10271237791794852,0.0755420856655642,0.013949683576839345,-0.05395817109874079,-0.016647030913303662,0.005631311265619221,-0.037474929722817185,0.023161869993521655,-0.015551947917461839,-0.08971216890028255,0.031475002002420815,0.02060131782809993,-0.04852893368298539,0.09720791009390828,0.13075260668262945,-0.10836882850532559,0.05171904884071221,0.0397082093479435,-0.057074439334867555,0.0012685884891716626,0.11566570730252757,-0.09377243104127164,0.035732089654034516,0.0070843140453149545,-0.1471158713889008,-0.07839330900858654,-0.03071802031911619,-0.13941702790696697,-0.13218691630584212,-0.04119693704141092,-0.06636028304582564,-0.16668633680900868,0.1779782343013443
2015-09-30,-0.10757747196448542,-0.11664482675644827,-0.1765637274298285,0.007936071522214316,-0.11861026805559827,-0.0764618258871459,-0.09748729735150241,-0.12182755937230061,0.17922547647246012,-0.049989567524199585,-0.23699364924174693,-0.06355426955790999,-0.09968376087205244,-0.07701810757893923,-0.22231186105634038,-0.1665433765284724,0.0814509400167327,-0.024343806062037454,-0.1951588821419108,-0.05420679816559182,-0.16599451601325577,-0.03972214251104633,-0.17158029189625956,0.07335600008084153,0.07061056119314157,-0.0366970596337447,-0.17044777123221921,0.013713062853684121,-0.07718129546978258,0.06229155518786378,-0.23142399391616542,-0.0028221064927241857,-0.09940078636256289,-0.028321966784586428,0.08698992520149784,0.029977447790241918,-0.3727694822026363,0.018796930936076484,-0.036032006424970064,-0.026719597317259813,0.1662360074120257,0.14242188377127474,-0.06614651005801198,-0.2044771445153316,-0.1954106197243075,-0.47453815423190526,0.04563562351485628,-0.0855662868336271,-0.026396082950781663,-0.15804028598911357,0.18207910318874476,-0.24886698617487368,-0.0867369804716368,-0.17539676540108828,-0.029906977945136637,0.04452522458550634,-0.020189063369068783,-0.14124510650783795,0.04096124168109605,-0.06269830054328507,-0.19914866278868582,-0.001034420680628645,-0.12575111667224392,0.06934104602239333,0.09551581774085482,-0.10171146445354051,0.03154665120449507,-0.0023006609376124976,-0.14645278466266076,-0.105180719319653,-0.19582805111386747,-0.0800570233054071,0.0455251162038226,-0.08761625998279565,-0.0917049552441036,-0.07481123876162177,0.12417024889688855,-0.18481987321106796,0.009102167829716068,-0.2048832742972636,0.0027859734530288893,0.14128707608891,-0.1038091734947233,-0.1396130313107078,0.23091557527437634,-0.029555761168656325,-0.04474617137350856,-0.1401560187025478,-0.17928958923002403,0.08406126771086364,0.018121857832427368,-0.0696969017457788,-0.07299228715304584,0.10097005178478313,-0.15830594002198473,-0.05994742708348799,-0.06246840116713903,-0.2330265487391654,0.1304520640891742,-0.1232371935606974,-0.08523301068848166,0.07048358846137814,-0.1226497847177146,-0.011863111032731632,0.19630443179999735,-0.0295344867662225,0.013418531472826789,-0.032061483645550726,-0.044985187056344134,0.02564967350927394,-0.04116134445877906,0.14322741677013084,-0.05551542697058243,-0.1444063266770681,-0.0796172490681526,-0.12222226213215137,0.1110950077277828,-0.0791313616167495,-0.13060786909867006
2015-12-31,0.2212153272485926,-0.041608398135022484,0.12309256435943561,0.060768778786347566,0.38038063316024595,0.09546750234706947,0.07121145012646668,-0.01916693580668849,0.3203812923707767,0.11098921139585127,-0.007024746680237337,0.057045868559680635,0.16835945803417918,0.16703837129019194,0.05139976745169039,0.08376553957769595,0.11684275308947933,0.055777518482169386,0.022799812831304944,-0.00366954718650081,-0.181291987525117,0.03236849169035616,0.0002789647527223771,0.11999337116548725,0.043239559136545314,0.04301091571479687,-0.029297403914943176,0.07400286445185378,0.01680896582445568,-0.029820497994366035,0.038669061160270246,0.09157908340025323,0.03477098698047976,0.04719414860851279,0.006846874471474029,0.0045478717762206244,-0.13136324611044659,0.01431732633532179,0.12438636152160165,0.045627848945176464,-0.028392965485105393,-0.053685287827826,0.09531251913569916,0.04992169993716877,0.09361240437130491,-0.2986314612536186,0.05599813462582315,0.06972929799140548,0.0006319883072412047,0.035002055571958346,0.21874462001733308,-0.1261449891854708,-0.05250215898463251,-0.03268845753800664,-0.06073363630329165,0.15018958709932395,-0.16775566132926722,0.028377875711360856,-0.021664070669835667,-0.0011128781237044194,0.008099505735921442,0.2232748946649279,-0.04155755112765591,0.09385576856173117,0.10428123395265709,0.39786549763662893,0.07899973693187046,0.16297189097114262,0.026200376685420856,0.13985442202430542,0.06336049353703355,-0.013664031561583356,0.20842675053045667,0.025236654222711152,0.15481150391088083,0.06954749472835586,0.08066657881558048,0.01456286098699211,0.26195093374616585,-0.05473969330720596,0.07321581142159084,0.018972380801709265,0.06275879293322228,0.08323636535264245,0.342197150804477,0.11478756803941481,0.15591565167091703,0.03324998588703987,-0.05973123298939109,-0.07294637971806794,0.06701922723957354,-0.04274227045859813,0.11375735538563014,0.037859181532797326,0.0026599042355919256,-0.05094085663114645,0.07460692278135017,0.13086836177411776,0.04951905253683475,0.0768572748334484,-0.04591063121405281,0.06717122903082728,-0.007659613335155524,-0.008316190170508664,0.13635164675600953,-0.06966682428901061,0.24108962908747156,0.11407188980329752,0.018430528136455404,-0.01808703547603674,0.11253225796206046,0.2380952895839732,0.0760840881382212,0.003091957247256527,-0.04667702729233647,0.10839799129643635,0.02336898188020564,0.09972557742208221,-0.006693062130924465
2016-03-31,-0.04687905932672842,0.04105435604974983,-0.06270384042001897,0.06550540291103757,-0.04300014637718963,-0.12235996253886827,0.09066585000126715,-0.10907342877449144,-0.12169138251669909,-0.11394529846220325,0.06556921478672106,-0.10218651851320426,-0.06584657092502433,-0.07763580352697752,0.14035182157787407,-0.06185158678916025,0.1127335357459942,0.06698492346750728,-0.08941835089481387,0.08721995731296639,0.2615835615227169,0.15553953820885225,-0.03355071967141954,-0.021627381693801517,0.2212525527094127,0.05640068232846329,-0.0003594992361176663,-0.013618703038098978,0.06572408176005551,0.12181194286457298,0.017051839712187045,0.02304301319861879,-0.054910591255853514,0.05001499726660974,0.13986416198708973,0.14206719451314176,-0.13324639700462904,-0.03798023732423794,-0.13173212083765395,-0.021751724361652847,0.2033329782814861,0.22237986026098766,0.07447732342783331,0.07705553666732179,0.14857349539973197,0.5273262988052019,0.12158323702049878,-0.16328690443922733,-0.03860138798894397,-0.08782719499228253,-0.019421363971070305,0.2014711219355214,0.1590899932543659,0.05514262946891213,0.19674191891863568,0.014470334153210418,0.14134486818504044,0.052210848927152,0.03828947093319246,0.02650007327485615,0.10254235131747902,-0.007274783620418446,0.15892916861850703,0.06634042554895658,0.08767937047924201,0.05847464390361479,0.08826261474196584,-0.08296300624353115,0.15987825008456147,-0.05265293747898192,-0.21587789010731684,0.06574333043628977,0.07188215323264813,-0.03339980137361831,-0.020009453773907282,0.11413931233492902,0.08618860876064471,-0.20911478984896947,0.0026415868786358043,-0.260593152455482,0.14768818665759587,-0.013944571295773533,-0.09075398274544233,0.18316546703892556,0.08494575159851414,0.00984801035106031,0.10708104730227319,0.02477703660861308,0.15938004329999433,0.22970235851757526,0.032948894660912,-0.11441721568698915,0.04555379701748974,0.13735013540951346,0.15254369626996955,0.05524078651284836,-0.10741689858124692,0.13256817139433075,0.12732059045514443,-0.103395827858069,0.07948465010044825,0.07778213802134859,-0.11298720085459513,0.15859117599514438,0.02893274220543729,0.14258000172992547,0.2527795908022097,0.05553482205366178,0.10023722736490681,0.10478658565603083,-0.048747586481988736,0.013507329406267976,0.18444791220160095,0.235293715970202,0.12556327151218305,0.045241768701364204,0.17437869562269093,0.057590070642525415,-0.11064463051181406
2016-06-30,0.1193378169823116,-0.11751485575603893,-0.054502623528780325,0.03036435836939777,-0.07151435234835468,-0.01592944221541126,0.04339633422652023,-0.03662736462335514,0.2054780401076577,0.03142680703991085,-0.14040982155673654,0.059277404382262366,0.15748541389224346,-0.04237771502922438,0.00011998353214059954,-0.06740042892051012,0.15381099313349722,0.04176323328159803,0.09152311698493198,0.07205354003030928,0.03154059449234636,0.1608353404815399,-0.07844214985688513,-0.00047937545485321476,0.04801521483293647,0.01694325171173272,0.019922966847714108,0.09264014957782041,-0.07322002186084742,0.047555894025133716,0.06050031581049775,0.06646177192817881,-0.015003614651888375,-0.03723863796984839,0.10187245729097616,0.07448584134676262,0.32332474106037656,0.14596888187569723,-0.018860296031806167,0.06661510087353473,0.05936827717669546,0.08722692525829889,-0.03172887953532488,-0.05397779234657807,-0.03223147256728498,0.077369493737514,0.059953221057723605,0.0624186042251651,0.07218355899458939,-0.08676843036601478,-0.07782152337275838,-0.2725518857803302,-0.02126235060484516,0.27329131785287486,0.054735865962161734,-0.0380632452266747,-0.11043237477892609,0.028112413086076815,0.2403479624150644,-0.015166552651233789,0.043738716570656644,0.013004382674185244,0.1669597858441325,0.07374994648180788,0.10008771422539597,0.013604685320307786,-0.015356588114529224,-0.03529523131633727,0.06319838574418823,0.11218310870571568,-0.004530036162595508,-0.062127640170202114,-0.03545097094392535,-0.02566800243721523,0.15693337738072577,0.05794896722507703,0.11002630359244647,0.04447085493140834,-0.067030550784269,0.3142311383344423,0.11001808461259732,-0.09937754114346609,0.02168933522396177,0.053136851348124736,0.3228200364978333,0.1010050476145492,-0.01455743551026123,0.11507345211599085,-0.047553564013189775,-0.0022123318722950813,0.04151483140584311,0.05135305479262087,0.037098509308020944,-0.04667041567757424,-0.021772724544498745,0.04672669904514626,-0.03164170084263973,-0.0623814018668033,0.0012911673193078954,-0.0032167851178385165,-0.039181155929771116,0.05259882231266655,-0.07245458665861926,0.120589588049836,0.05570266023870185,-0.14495274942584768,0.00426228487847391,0.09804701633511392,0.10041146856373229,0.029168487006746346,0.06731521936375429,-0.02349222734975054,0.0434431875965422,-0.0704918557700902,0.07394715705849575,-0.02941054879413929,0.07937218054193829,-0.14217400774604094,0.0403799778753946
2016-09-30,0.06417891113928587,0.1889375775170683,0.08243418321562435,-0.03425198106178717,0.33598083942505874,0.12807081673644571,-0.0062074731942607375,0.11926017712744419,0.17004844679626618,0.022805444336309932,0.07149867201701254,0.03143244474326723,-0.26689314067422354,0.0017737023242943017,0.18223395678649523,0.01820480830749238,0.013587407035297483,0.01816717768938525,0.1562331951386713,0.021951775092272197,0.14902828961515668,-0.02095608744550692,0.13784218153787386,-0.026235581670831842,-0.17399929337347253,0.11568404492916651,0.176993860517074,0.14745731661194017,-0.06640741436759245,-0.03798043721614308,0.060848097680580526,0.02537787888023435,-0.04380951861313864,-0.0230991104157946,-0.047038190215383024,-0.057513623299464744,0.2185207670837872,0.12724387422349714,0.4053825140201326,0.029358022940364048,-0.0558699434931863,-0.06372866315217707,-0.023805583199531744,0.0038454217677097446,0.05427090324548023,-0.025134621165199822,-0.08516510484996664,0.17050528789659225,0.11433504412157225,-0.04580074629199915,0.14289371963283304,0.059551990521778064,-0.005020450799173237,-0.004907504986792488,-0.04949530548231218,0.01292103944378753,0.16873606578857192,0.24845286116948273,-0.15303920353193146,-0.01662227094731139,0.14288531411855177,-0.02608506340008865,0.05345723239286149,-0.04522051176581965,-0.06987949175873365,-0.041149833557381554,-0.05877419561531538,-0.19026944342230656,-0.10209953118371717,0.05534658011074134,0.21987007348283805,0.017454836825232523,-0.03393277526700045,0.15959889282360762,0.005674592499141928,0.012609161325234597,-0.0743603051527808,0.24252786453515585,0.13267518481834473,0.29215113557901695,-0.055362563404625864,-0.043540613274585915,0.031644789431413134,0.008516747751700082,0.46024808221330504,0.08804567166492738,0.049946981224938014,-0.025443255098090978,0.13793115125395672,-0.09307729293991818,0.03397534090304766,0.2634446157661956,0.0683042756489789,-0.059701356474204825,0.1677425977831748,0.03287003896007579,0.1143579596398201,-0.0037692593292253385,-0.07427600344553587,0.15508570307781566,0.00013479879313926801,-0.03822331562380754,0.29836169179835714,-0.025396787348554106,0.09011827746580181,-0.008480499161383936,0.12019162550460005,0.12619597422262174,-0.003920230668748692,0.02241580577990865,0.017003351822184154,-0.09507288119066559,-0.05972799553941521,-0.02163080271729012,-0.0055641888214345014,0.08333147933556129,-0.0736827605263276,0.07580598295498264,0.23784001596266613
2016-12-31,-0.029689480042447203,0.02976238280560284,-0.08597373043671441,0.1722664291000915,0.02322688044581911,0.10611815576137795,0.07631511406730107,0.12165347057632814,-0.1044296975158523,0.19079623799353107,0.11828379194505567,0.19325228808544948,0.09133916759721594,-0.06797709966115661,0.05394433864414672,0.023557296951517426,0.010788978719626918,-0.11251828177095302,0.4441737820542435,0.04929982839511027,0.07453155947058554,0.07277282320131184,0.2212404069434959,0.05306379697199959,0.11270982481908542,-0.039415346995255174,0.18408968351389432,0.039535739208242715,-0.10888784326744905,0.0408099894920968,0.21427635530428635,-0.005439033470474142,0.1309843774032462,0.19676885233234653,0.06070101113096915,-0.019190693770634648,0.03665871449427094,-0.07775169829791839,-0.09756820374461961,-0.03404141580857045,-0.01212438902258206,0.003979054750809841,-0.13254194321161805,0.11867694019891917,0.03258420539354456,0.2145486937520007,0.06846282773721679,0.3248629021128224,0.11832202333066988,-0.0890922683139368,-0.014439165099072726,0.029958545684140026,0.03894852360591661,0.20923233407478237,-0.013336102493243907,0.04749729452174889,0.11573197647507327,-0.03630778320573902,0.08873032563501604,0.15530585091414206,0.11720844220018822,0.053865887680558444,-0.0025437087529179836,-0.04179119313333757,-0.11350571796597986,0.1368077085120587,-0.012038966282059915,0.16707335173114135,0.07971746736414542,-0.06619147692326288,0.4180165635252955,0.23277561583199002,0.06333693930289819,-0.12611000969200503,-0.17065578710983176,0.01977462802222041,0.07914401357842715,0.3257356412047778,0.08610758669290663,0.23284576935403156,-0.01589404107457093,-0.031084599811916247,0.3159141212795291,0.21103875346013834,0.5601253146946781,-0.14877056426884805,0.007599611197641076,-0.012517411349588947,0.10126180469740231,0.058493038880195414,-0.030945669076206772,0.13171269911145922,-0.05594250639475251,0.12698411078523808,0.12089115706015297,-0.07840617777876657,0.3062064140961458,-0.07930104892199896,-0.0035960606530553996,0.2835254109062153,-0.007094819175424205,-0.1339067016213884,0.12162237673384313,0.032839235254286114,-0.11009428621438344,0.060607869826776684,-0.17076709688375846,0.047362540207467996,0.14769484686889744,0.05563042360799875,0.038674217876083716,-0.02773515117834846,0.038644862372043454,0.12775343684290075,-0.03473801736999671,-0.048451626206841736,-0.0024040254187739363,-0.1309144154267049,0.3905008404747703
2017-03-31,0.16332791443674122,0.24575060926299352,0.16367785336787066,0.0016813130103399132,0.1683556103881405,-0.03922333349120355,0.10450673560677592,0.17617567013866076,0.18225825684302377,0.14582054170535863,0.06978279407714094,0.001063620314632585,-0.0633281780216286,0.1393458932646241,0.008514884793484168,0.09849787958035461,-0.03955267052126765,0.12489402249613613,0.01012022878325558,0.08877635111701787,0.11370276975289495,0.13027043949784245,-0.0020882688256292914,0.05016358520213515,-0.04792531429993507,0.12806842744947122,0.30046063940327694,0.09501584650832573,0.0008188613421427071,0.02274097948306486,0.06236694401697851,0.10058642634606008,0.087986968981844,0.15955519444163335,0.044949830131167046,0.0682612043634443,-0.08512695968766759,0.13661737242234562,0.13068358571226169,0.0724406572836207,0.06383758458867272,0.11332070831025187,0.11301472871430884,0.08142964221278914,0.08181804767448075,0.012888437016874699,0.08496423487968552,-0.052959733353996175,0.08891453306824681,-0.04423094736856137,0.06984662553947074,0.08244221950886388,0.0070247304154658075,-0.08711207506247343,0.2911717908463811,0.10175686881906842,0.04366775655846222,0.21415871881403348,0.06232214435040606,0.01374946840418989,-0.03451848698027293,0.05730049244057267,0.028706038082735974,-0.008067334666886916,-0.12201929898228103,0.21589060721848252,0.03267221284776345,-0.14239142046719577,0.036676578928903414,0.11754160484287324,-0.008068577659729681,0.14298762332220982,0.07265829118417755,0.1926492234102628,0.13701118315650795,0.07843419203921642,0.06469146428783068,0.01859195608539599,0.0662904178168282,0.3184307247124707,0.08282600616595293,0.09981580624082209,-0.023488879804177354,0.009699303714194363,0.021805318273780294,0.060728493410607376,0.019559729710573404,-0.09991427324097091,0.055357677545440964,0.020466694744507574,0.07644364233660839,0.09845718360558697,0.07709423323087594,0.12410836579912421,0.1502734539893671,0.28636446363825896,0.03272506818549625,0.11329111364378575,0.11000887705951246,0.03208211900053204,-0.03549762268942158,-0.022342948355610126,0.029249074217503557,0.10235349756123813,-0.01239496269376239,-0.22887395566691715,0.00409070126608424,0.11102372940154837,0.028626223074858848,-0.056845941724172344,-0.032520268331136526,0.1451294986172913,-0.07697254207980242,-0.05212750280913414,0.05049214678134595,0.13975726544084943,0.10125153101779016,0.28735179187202253,-0.022389308932045826
2017-06-30,0.12430663178552015,0.006644036216404858,0.10126827225933055,0.006351918199196005,0.1659534898987065,0.006459587606004735,0.08995736275639432,-0.01207441603186754,0.09188534961575501,0.12667564316446822,0.06768883638031742,0.08460976023052913,0.03207602732165182,-0.038897930303501194,0.1680963050896067,0.1426715850027711,0.00933345878620151,0.0183205411565599,0.07177723081833287,0.043995712902668904,0.07991529420664856,0.002910719616894708,-0.04192627914312308,-0.0048488974187311795,-0.08323557862813658,-0.0658975027670321,0.17644727508689795,-0.0039513927323823195,0.03155978704671014,-0.0028256647075043384,0.14092275728824433,-0.011693530372087979,-0.06296852617085702,0.08826634741896533,0.043833795037272694,0.02985961102057555,-0.23229292947341706,0.18096543834367362,0.04021459322657428,0.06205545849939731,0.04975553233662788,-0.011044543805848961,0.13610076609744892,0.04590082413606833,0.00418094127601365,-0.101047733465923,0.06096608211030996,0.02778193694114317,0.06298340693938909,0.05049318590108531,0.0965794250758889,-0.07648007316978145,-0.21918935929949224,-0.1286245582284513,0.12344860581463091,0.05078306623866835,-0.10090953443445738,-0.015011554592477383,-0.011792711855872273,0.16923782294706036,0.12483028407182406,0.008502947159721774,0.03563061128468914,-0.03648295057479145,-0.15902843487733476,-0.03226011378955396,0.06548295722936404,-0.2060521860508705,0.05108678009663237,0.07437106361614676,0.037204518615030935,0.06847898108397188,0.18910687654561276,0.08970673561482445,0.10166316768568406,0.09461886425646426,0.05120986232581237,0.04485944124760688,0.052612973494667425,0.0332179923430187,0.0993209351605775,0.06228416514188706,0.12764019005301486,-0.024492757791430564,0.32848855006020283,0.14166765500332135,-0.03186119386857256,-0.043287966213038986,-0.013434458542614047,-0.02079244865806129,0.03954268794501137,0.02268947259312637,-0.022623054645968033,0.12531898877838477,0.0010311325454277487,0.04563528690814311,0.04336815762893287,0.05024060410157194,0.044304371904549944,0.02108854236266322,0.030767553233998823,-0.049132386861587496,0.13191720552839503,0.05737843889234551,-0.09397596729429136,-0.04224729659317239,0.018837929344912352,-0.039136249620992825,0.13520930992994074,0.03886587615444115,-0.05683066270116277,0.06715645084527666,-0.07296671337664595,0.12504626884791703,0.05697065187606887,-0.004892782002649088,0.04010725580306196,-0.012942792602666953,0.04754311342638151
2017-09-30,0.08244816928492416,0.07433127303494547,0.10379165614906771,0.07261136240478794,0.11346957425148196,-0.012873453301008642,0.04349503159031487,0.17339837650802936,-0.006869843952089338,0.29317939315425323,-0.0017630632603351515,0.0439401067044618,0.15191783902767364,-0.1352042154994516,0.16890168185394838,0.11679302309380257,0.06383529493081785,-0.011794472552852042,0.045795974561785746,-0.011305398507216236,0.04305554445775339,0.07685102953326606,0.02949558812994324,0.030546287844789966,-0.0959963405204044,0.08447937727215749,-0.0014641395659070744,0.14471599177316086,0.017260670172164483,0.013450703589116042,0.021150670881867395,0.018139027589085588,-0.06538097837892842,-0.1227937014631797,0.022400237503716003,0.014337523667572016,0.15032383780605052,0.11672335995054772,0.10137454516042355,-0.028443433174202837,0.0066493081905718565,-0.006133467339526688,0.1271842084441479,0.08384736036943119,0.06244766264198165,0.16902584654512665,0.054111578994107346,0.08407833081200611,0.042143005821018376,0.15183106792018064,0.04737113005274618,0.34288325697212985,0.0034119532134622155,0.08273446182570776,-0.11940760323357669,0.07253753551207098,-0.10062441117947951,0.14979194579634725,0.02299174132004067,0.01420764085836379,0.012690025623329992,-0.14719915767506275,-0.06495560274977696,-0.0946996531451546,0.08130586668498352,0.166149571655813,0.011552806561753393,-0.1352074626698796,-0.08415072754695396,-0.020565646132773008,0.09189560821261966,0.10286577629090865,0.02905140113794058,0.14741461752623874,-0.11391950031722087,0.014012662663733577,-0.13929447359908942,0.08676904050744105,0.08641951411371207,0.31714697817311754,0.052674717356604006,-0.11816642002212896,-0.04980802776506621,-0.02499530162082364,0.23773776253948298,-0.20039797045656327,-0.09985615258507774,0.08600830383382863,0.09963865051011545,0.08550047034737274,-0.028402714657189576,0.011803511411722534,0.052137529628283996,0.09820814708785175,0.09971385419547252,0.11797322642579311,0.08568309893954229,-0.007575093237279229,-0.008352181269089765,-0.009594497429148974,-0.042092257711261905,0.00666421341376755,0.06943766595008993,0.02644079819013201,-0.050083480318902085,0.14122847494414192,0.12894521017984806,0.17231744089418521,0.060259273065172314,0.09398036949456312,0.020560136203728208,0.14447074480897903,0.12268361572596298,-0.031175689772948267,0.03900004358033704,0.025386667164674748,0.03899484796102737,0.1673150990292569,0.07734399436521522
2017-12-31,0.0476098898005044,0.1019880625755023,0.07475930772849226,0.07784844140003422,-0.06618564193646892,-0.024282377522067633,0.14345982775808674,0.1470650073622306,0.21648718986315507,0.16634042305286,-0.021376510070149624,0.020540372313368804,-0.03276765933298287,-0.07757105874841874,0.271108205926025,0.0863914581169849,-0.0076601419057588105,0.04138472063572696,0.14238357478178876,0.045149526831220976,0.05809002050098977,-0.020333412507178905,0.18159841355525486,0.136236417270859,0.03547523349522175,0.14870497530418025,0.017727002180529805,0.09187569092439629,-0.10259429450839908,0.0634332863705791,0.2509307829640324,0.08369213087434879,0.09947113625355808,0.22854593512122467,0.027545729632984406,0.012209634925672397,0.1295358151234498,-0.11011362918454415,-0.018720773122519963,0.046482863391794416,0.06121681127544587,-0.1727389043623475,0.18348499276200414,0.03009817982908447,0.11810749566788603,0.35042738478037494,0.01682690800226183,0.09003445428151324,-0.0064113002426468,-0.10972855711127216,0.08183044977086817,0.16246660150932057,0.3225403727302165,0.06609722757241654,-0.06382810304201902,0.16464992263177525,0.06298903025555513,0.05951966129463515,0.045987061758485215,0.019868248299157676,0.028695274649372937,-0.021518500045645927,-0.04748791958334042,0.09882977473030996,-0.04390796464000557,-0.0030026515404798504,0.027685779243253883,0.3761642074720588,0.007839866588223776,0.056567291841463696,0.0502013230810443,0.23423416422863408,0.10509411315191253,0.06309268430291604,0.04419327976313325,0.12700023644877811,0.13613228719935977,0.09461633132343983,0.15410850757514227,0.04551210861582855,0.07252847877854474,0.21037099840683138,0.09125325344876067,0.1412590157233331,0.08314825379831525,-0.27038569037318705,-0.008747774052863866,0.16004251734754416,0.0028603182828543794,0.12266340330716563,0.08365732031365658,0.1043177305262688,0.017459907180985557,0.16315600832825128,0.14441251270890487,0.2198310941473547,0.07667609641728701,0.07927931897825236,-0.17525320686935464,0.08889704067378434,0.15793992711199834,0.07907905328364029,0.02605344902255169,0.09357186003078333,0.01053937241345837,0.11721309606384,0.1549699942180096,0.17256136026948554,0.12945814616010054,-0.0004561480590210554,0.025218944151608857,0.0756650352283117,0.08233983367715636,-0.07939708128090694,0.2704172649583496,0.04560422518032192,0.024405068042997913,-0.11687240163717394,0.08117138604290841
2018-03-31,-0.0010454517532875185,-0.0045262212472018115,0.05495956284724057,-0.026332693482754133,0.19793951767205864,-0.08135147958612887,-0.09009575518133617,-0.12250663735573275,0.23760331832053505,0.1172847737202849,-0.12443623022176897,-0.039269530696157684,0.038920231467013844,0.03062397970741193,-0.060387761368111637,-0.1738686245309139,-0.002431675751844886,-0.045037908457420395,0.10840243442560982,-0.1434370619211527,-0.07637183642367884,-0.023711953147416365,-0.03354743944345606,0.015120525886431313,-0.09310684126214963,0.12819644900995275,0.016783169954513566,0.0946543273156244,-0.136598076733494,-0.15866249086987683,-0.0036744208128808298,0.05657563500736473,-0.06576132230169884,-0.10646535089094311,-0.03787500051805137,-0.06795445641954734,-0.23071782376890637,0.15400735023655998,0.06624253880571573,0.02458054498611828,-0.07396443082255488,0.016378813805938197,0.17980283752801873,0.14554704103365812,-0.013234052013224695,-0.07331249838561227,0.08762289183656558,0.05184328867499177,0.09016218641221796,0.059793611976820094,-0.015435727237620211,-0.0777416810481868,0.20073706462881113,-0.03574036099038924,-0.06686297858213563,-0.05420516786815266,-0.1507337133178318,0.04943379217892918,-0.12230074422379345,0.08571427844846502,-0.07034718738018486,0.15253868111362756,-0.06877317979242292,-0.0359085622433889,-0.20661140240626152,0.04340652207129936,-0.04504385247507636,-0.1239746052163665,-0.06343468857777479,0.01404312949868669,-0.04557456564629436,0.004176283953730708,-0.08570015632137662,0.0956310992189211,-0.0008212946863429549,-0.06184120287638217,-0.11795639137735203,0.03289196304665554,0.0719985369007774,0.2679959759232369,0.05319533111400743,0.06540314145250714,0.03648050684722848,-0.03306275011136817,0.19759165501764153,-0.16853040605296743,0.005947192370738819,-0.10756936435595377,-0.06561661653311524,-0.015074001742641951,-0.08308321585939726,-0.1295077156730371,-0.13055719444951097,0.10482836414756891,-0.13995380412405722,-0.11037321159307278,0.05337004886511365,-0.04097400275958296,-0.07217216530097292,-0.0919402316664486,-0.12875850600187622,-0.0899401200674077,0.02610431357213705,0.04235642073720802,-0.07720119233720668,0.07284810243674134,-0.09355274467058494,0.0002389085535356994,-0.026088416744454834,-0.11416883463859417,-0.13159165078046264,0.03600135467750398,-0.08625229047600247,-0.08589918642161298,-0.0936665306225074,0.0017774864125217338,-0.04633722919970451,-0.004107767094078674,0.041387900227269236
2018-06-30,-0.07357176052665504,0.10754450452784581,0.02275685898346058,0.18808201190750773,0.04387636905953096,-0.019977753737159598,-0.03251377489763563,-0.04796503160890053,0.17443035724696565,0.02837531686517214,-0.06916651172095578,0.05113494151149234,-0.11946685906214605,-0.2135315809554108,-0.07481992641718294,0.013175116907784057,-0.09268026693753217,-0.09054335184268447,-0.04885277870941518,-0.03432734805911675,-0.17340265937004817,0.022218555141799934,-0.036752289303876196,0.11229310483697597,-0.056322541133513426,0.011329305523842814,0.14879257015231362,0.0849457170805239,0.042312817830065574,0.024379685160125675,-0.0954444869657991,0.00950996794888348,0.043508410279417875,0.26501106460237644,0.0017386513330894804,0.03287303137051434,0.3854269939144803,0.16314748638638,-0.0989064506309929,0.026655216000149196,0.009936187394126383,0.0034368949526595305,-0.044535983990959815,-0.048316019407812605,0.01917042533769786,-0.014904053121985728,0.038984698842720045,-0.09040363578087618,-0.1524905265108678,-0.052779291258573946,0.08875370834532093,0.046598757633598886,0.09754352667972488,-0.0364340320189126,0.10297189392274642,0.10071985861459543,-0.010009345103904388,0.041155322562307584,-0.05287401124387414,0.10898669718802156,-0.016813724294289845,0.027349080606570597,-0.043550747455275984,0.08362805303835485,0.2032577266179929,-0.053050020995516145,0.01889539067650059,0.1944643669156314,0.015074160859782637,0.10992274629595844,-0.14387531409370746,-0.06625481563942504,0.00834733559726919,0.06012773287336137,0.06719015113979565,-0.09773377708835496,-0.0774914381877514,-0.11734424169804747,0.08510390729453343,0.005753887839782257,0.02966171703163778,0.20262760823009152,0.0016134780730641118,0.029290212229219126,0.02356095034292638,0.02162979149868982,0.0579375818872665,0.29975039030174333,-0.05949573256358298,0.08721654320585137,0.0066083178247886565,-0.1225072075143856,-0.006277547851747722,-0.029213814190310106,-0.08469087193269242,-0.02222860406469085,-0.1023025621757031,-0.06658222701292116,0.025570951155335697,-0.08895308818339853,-0.004390109753702354,0.11670461626529871,-0.06240203123829546,0.052264700937549424,-0.09072717457093815,0.10576019674945614,-0.055279147876178714,0.0676077404240123,0.1505037950457382,0.022985389561290814,0.10842881516613145,0.15907558197300675,0.0653081391938024,-0.03800132106901555,-0.031250653843854614,0.05047976134634302,0.01345886174494293,-0.15749392565943987,0.0034055838057505117
2018-09-30,0.14344042500110255,0.22376793735355727,0.20822690267150956,0.12844736606849594,0.19086127829289667,0.010287498551079688,0.08637527598405592,0.062437786207582446,0.17837397391642895,0.11393886161786337,-0.04416217989080895,-0.04953220034278383,0.1299141634302925,0.11570142934126415,0.1308690248397255,0.22536036587893737,0.1566940507426937,0.03967419679001294,-0.0016103326155423314,0.08552999178570664,0.10695047500685728,0.007794329484285711,0.03730318402398636,0.1267253531753032,-0.08892753913609797,0.13941836743088354,0.1644463663961011,0.06883850273020764,0.23259998947617322,0.042819457184098075,0.08021493460797302,0.10275526390194667,0.1247019260119322,0.04563661219802473,0.06131148944289522,0.023489528980246366,-0.08971078733358884,-0.14558226511052275,-0.08935478265935082,0.12014679290041363,-0.014036568376389558,0.079476828675211,0.021196132133599388,-0.0367982327627292,0.11495901574414469,-0.19118819184754476,0.11189096133465082,-0.02098350580410635,0.10363530989807757,0.0983849820885272,0.06897866216718485,-0.10221437664172794,0.16341622708183556,-0.09645552212437469,0.14604995931149634,0.06720569627413409,0.0855939684259901,0.14218335352071443,0.10402216950498677,0.13909593162260303,-0.047491339972648317,-0.015477943595955557,0.05366850102014453,0.010029934300042731,0.0017955041320405485,-0.0015503259050112517,0.06208120373486237,0.028013630571879666,-0.010873531193911545,-0.03258519929623094,0.09259821210965269,0.04631839965820217,0.07431437635515037,-0.01717905686810084,0.15576944617718502,0.07829549125141999,0.07554778002036722,-0.011702828701005585,0.1642847791083042,-0.1374904674328794,0.00998548406576294,0.06587164377800248,-0.002176403872675592,0.02133205364584656,0.1868877209146902,-0.2047440967037032,-0.10034307019229993,-0.008070780394377808,0.10541849105376455,-0.016574235264553816,0.035407118540228266,0.1171438259431492,0.0759080981331739,0.2010142845232077,0.185425286461534,-0.13555541419614114,0.015039504131064696,0.05670070612372524,0.038641047903818615,0.09348101997246716,-0.05042630792468972,0.05040483384239902,-0.09504700371916608,0.05505354855477651,-0.0905910943810041,0.167936963021051,-0.13123421210616504,-0.02145994040230015,0.08803148945881922,0.10735101686759374,-0.003690228791760064,0.16518699789483793,0.07352384407514378,-0.18066698657392644,0.10280693367586657,-0.10610844135003372,0.04164005614136501,0.13463335178650016,-0.04284611971252683
2018-12-31,-0.03926854086047249,-0.2987932466452563,-0.00998646812192805,-0.12474199150932586,-0.17615783673359675,-0.2533978400319439,-0.15847499217907923,-0.28823918303363516,-0.25013977065804227,-0.12882704148399837,-0.015909394960810008,-0.07115810574247872,-0.15731292236664274,-0.1651602474791254,-0.16138856941966528,-0.08801929096831251,0.014903647130444453,-0.10506400480811928,-0.2321170102568959,-0.027858667830003236,-0.07782095094141228,0.031134449455778812,-0.2001954658260494,-0.13064434526716673,-0.09093676401783413,-0.10333071809015582,-0.15842745664659785,-0.14104349277144146,-0.1619301286767737,0.028188673327306457,-0.0025496447587758375,-0.049463178853156986,-0.055066475672616466,-0.09563698998087156,0.018755743594899288,0.09018706914422858,-0.43399360753886695,-0.34509070135309494,-0.14990900286477682,-0.057340813500072585,0.012666419641328641,-0.15208122200313545,-0.101979966678304,-0.22957107885470152,-0.214056278698056,-0.25652927078313237,-0.1079145385535879,-0.1492842431890219,-0.22858576082474702,-0.18303792822645637,-0.13430756835708813,-0.09926918845088595,-0.2063366975056764,-0.3404130611168036,-0.2217351272208219,-0.1655911525152891,-0.23898183922760285,-0.20038003230757295,0.057833248367391565,-0.15223743664866174,-0.16979686745496192,-0.09009780437280768,-0.1459480521238985,-0.17853107430753856,-0.0930335628402682,-0.11293918690879756,0.03321972895872061,-0.051073686003979546,-0.17318107533335014,-0.2724550173879685,-0.23808708163915726,-0.17485863698014525,0.06799604388558778,-0.15994615704895576,-0.07008370737466763,-0.08954871519451457,-0.1674973750799098,-0.14274188691203682,-0.10808088182742182,-0.2984744852115472,0.043618311005935606,-0.12228434113549302,-0.17636833391333695,-0.17717735540751745,-0.5244696229779433,-0.07521611136094708,0.08555938321366141,-0.24428188611274326,-0.12828008331105245,-0.006003355933954402,-0.003960145290054395,-0.23783287647234175,0.11416812267077736,-0.1507602642368573,-0.1855288210206627,0.053779273862422095,-0.13502461868199533,-0.05910390647711716,-0.018656822123149452,-0.18708791384526047,-0.12824699157739006,-0.03930878745778521,-0.2415798716543318,-0.11481868600490885,-0.08111334611479626,-0.24454986698740733,-0.09703152485430455,-0.11162426011040971,-0.06060730077887111,-0.15768542640101557,-0.14234227083375306,-0.07388210212220292,0.06467459848783852,-0.09086614172059815,-0.002680020283975626,-0.31393514924500054,0.05169867725987998,-0.25818188970017997,-0.18267792212283496
2019-03-31,0.1915205959226225,0.20936124331493322,0.11033699960121712,0.2246158607643307,0.211569913573868,0.10065937634200184,0.14586891413013814,0.23593397792859183,0.18560949664193283,0.1886393066383758,0.12625175988847648,0.07699744138843867,-0.07491292679024697,0.09042821753210672,0.07312246397461641,-0.1530155319015849,0.116811302076409,0.15932020847804607,0.07615028645594424,0.17415584286214436,0.19003834128541608,0.09762415139390401,0.08619609202100587,0.19186113267859595,0.16793793805047974,0.25566685564055236,0.2082346120177232,0.2031073007507458,-0.17061973029342004,0.08618298805104163,0.07669924851150145,0.2819358806553862,0.012585464881485597,0.2251021177878587,0.13957383498018205,0.05378918397225152,0.4040068198786897,0.28792282329715846,0.32806846894509656,0.20126673258159333,0.11969982958863312,0.10129692762873677,0.2759897855509117,0.045809034788911074,0.15420885394551198,0.25565486350890354,0.2012518893107602,0.0813579645555258,0.08293244330185257,0.049383493150079616,0.12625364144124407,0.025685070134396915,0.07057164698181517,0.10877468311662963,0.05369068192559823,0.1251244186345375,0.0558914119128362,-0.042294324647725534,0.07841000326432512,-0.06954171135719822,0.15864669463209657,0.0289281641327388,0.25492887547648846,0.016504832449666385,0.2627985199743379,0.3436805959754996,-0.0017089379031727248,-0.1011092762319612,0.18836116265307723,0.21066794023532998,0.1519860221080247,0.1560001054253286,0.07624596694049135,0.2969317832622431,0.006807864445886214,0.0980191643489845,0.17935873173134143,0.07188054530001753,0.16612865527521525,0.30255283752589923,0.11962034739786076,0.13874648205951923,0.08868907174826113,0.13410876451953535,0.3464051075959358,-0.16358814994761173,0.005363149045094495,0.09147728330545646,0.19832396584781842,0.15054326015098707,0.11824527239535443,0.14806903718198106,0.14091545478764944,0.2413037911626259,0.15602357424212343,0.08011548436809002,0.05747742421468893,0.10892951248856542,0.13485088787085098,0.13876572303374846,0.32677008434093247,0.09682835187231764,0.050896864793497976,0.26344450985261636,0.06925397228429331,0.22516939691904048,0.30814443626522725,0.1310267816195727,-0.003677956579525743,0.1557522964633078,0.09824359761156698,0.22435771649314762,0.06273785673219612,0.25355863876828266,0.05265457970480614,0.22099972979281146,0.14907138261572062,0.6312614279068323,0.1213727690024955
2019-06-30,-0.06913832638710515,0.04597101316677743,0.05634455602505417,0.039967089433618375,0.04543695443123763,0.24486502422642098,0.08538040299329208,0.14068538918214535,0.06338907672049876,-0.0401623380799645,0.05810879348668285,-0.11945048035252859,-0.04107908127158244,-0.011607202526203508,0.01200158241664595,-0.0203331416017285,0.21341121326941925,0.052220233592579435,0.0003028231053290309,0.0630669443196854,0.09294418588088638,-0.05831980835508632,0.11573249728112422,0.09429938843784158,0.060276037132057425,0.020124221242220353,0.03744881533760225,0.17406352021774696,0.020074674105803547,0.020682164216646592,0.041489255038938966,0.08387064197149896,0.257678172347263,0.00847885559287187,0.032745560456030054,-0.008958898697891682,-0.09312116128170345,-0.003640825841377371,0.06768378428104449,0.12097994488705432,0.042808887116609684,0.08866284870138497,0.10897761916939097,0.03434144226802105,-0.01821990511626803,-0.09593100027350121,0.03262352653643119,0.11609115050105068,0.08058613538393078,0.04912209489075736,-0.07994803229123704,-0.3072288929025221,-0.1039442686999702,-0.2173689587498625,0.25136707390945534,0.09140004054568873,0.01600297071517165,0.07867660783586938,0.17365072163669493,-0.0005331168897565464,-0.05283673205435757,0.08705641551063192,0.1256724619872085,-0.05625343374909386,0.014270039400514856,-0.003264164789150814,0.09512369056489756,-0.11258643029928816,-0.08147685150862694,0.13021298172911644,0.10439271861639554,0.12574174987999065,0.09992713706514622,0.08138106849845261,0.0692797289669318,-0.15861439893050955,-0.16253154509267376,0.04469612431773862,0.14003626600168917,-0.06629572588586452,0.06639430812528824,-0.00031292110679626006,0.002298123848045064,-0.0487958290828121,-0.08433134871920256,0.022442858055121473,0.13197683499080703,-0.228207584605557,0.0565222777675094,-0.0021663729553430544,0.07784648206064437,0.16564539139168954,0.061259788970422946,0.11027343707164738,-0.004285338071297495,0.13478293891954918,0.12726148700555928,0.03839287548201087,-0.010027946380411823,0.11069742046781239,-0.06782162603875252,-0.11293545796630688,-0.14089798422190636,0.04348731709653397,-0.05410701081879776,0.08883986934144583,0.1686429153338176,0.08906637217744717,-0.008773780691834765,-0.06695965019822869,-0.04020412653146044,0.15201589818598915,-0.023869215117935383,0.08119020358574214,0.13890031917352164,0.014782719948127188,0.06560345341763085,0.115151994612392,0.019135863306009915
